datetime,temperatue,humidity,pressure
20181110095243,20.1,56.0,1023.6
20181110095246,20.1,55.9,1023.5
20181110095249,20.1,55.8,1023.6
20181110095252,20.1,55.8,1023.6
20181110095256,20.2,55.7,1023.5
20181110095259,20.2,55.6,1023.6
20181110095302,20.2,55.6,1023.5
20181110095305,20.3,55.5,1023.5
20181110095308,20.3,55.4,1023.6
20181110095311,20.3,55.3,1023.5
20181110095314,20.4,55.1,1023.5
20181110095317,20.4,55.0,1023.5
20181110095320,20.4,54.9,1023.6
20181110095324,20.5,54.8,1023.5
20181110095327,20.5,54.7,1023.5
20181110095330,20.6,54.5,1023.5
20181110095333,20.6,54.4,1023.5
20181110095336,20.7,54.3,1023.5
20181110095339,20.7,54.2,1023.5
20181110095342,20.7,54.0,1023.5
20181110095345,20.8,53.9,1023.5
20181110095349,20.8,53.8,1023.4
20181110095352,20.9,53.7,1023.5
20181110095355,20.9,53.5,1023.5
20181110095358,21.0,53.4,1023.5
20181110095401,21.0,53.3,1023.5
20181110095404,21.1,53.1,1023.5
20181110095407,21.1,53.0,1023.5
20181110095410,21.1,52.9,1023.5
20181110095413,21.2,52.8,1023.5
20181110095417,21.2,52.7,1023.5
20181110095420,21.3,52.5,1023.5
20181110095423,21.3,52.3,1023.5
20181110095426,21.4,52.2,1023.5
20181110095429,21.4,52.1,1023.4
20181110095432,21.5,51.9,1023.4
20181110095435,21.5,51.8,1023.5
20181110095438,21.5,51.7,1023.4
20181110095442,21.6,51.5,1023.5
20181110095445,21.6,51.4,1023.5
20181110095448,21.7,51.3,1023.4
20181110095451,21.7,51.2,1023.4
20181110095454,21.8,51.1,1023.4
20181110095457,21.8,51.0,1023.5
20181110095500,21.8,50.8,1023.4
20181110095503,21.9,50.8,1023.5
20181110095506,21.9,50.7,1023.4
20181110095510,21.9,50.6,1023.4
20181110095513,22.0,50.5,1023.4
20181110095516,22.0,50.4,1023.4
20181110095519,22.0,50.3,1023.4
20181110095522,22.1,50.3,1023.4
20181110095525,22.1,50.2,1023.4
20181110095528,22.1,50.1,1023.4
20181110095531,22.2,50.0,1023.5
20181110095535,22.2,49.8,1023.4
20181110095538,22.3,49.7,1023.4
20181110095541,22.3,49.6,1023.4
20181110095544,22.3,49.5,1023.5
20181110095547,22.4,49.4,1023.4
20181110095550,22.4,49.4,1023.4
20181110095553,22.4,49.7,1023.5
20181110095556,22.5,49.5,1023.5
20181110095559,22.5,49.3,1023.4
20181110095603,22.5,49.1,1023.5
20181110095606,22.6,49.0,1023.5
20181110095609,22.6,48.8,1023.5
20181110095612,22.6,48.7,1023.4
20181110095615,22.7,48.6,1023.5
20181110095618,22.7,48.5,1023.4
20181110095621,22.7,48.4,1023.4
20181110095624,22.8,48.3,1023.4
20181110095627,22.8,48.2,1023.5
20181110095631,22.8,48.2,1023.4
20181110095634,22.8,48.1,1023.4
20181110095637,22.9,48.1,1023.5
20181110095640,22.9,48.0,1023.4
20181110095643,22.9,47.9,1023.5
20181110095646,23.0,47.8,1023.4
20181110095649,23.0,47.7,1023.4
20181110095652,23.0,47.6,1023.4
20181110095656,23.0,47.6,1023.4
20181110095659,23.0,47.6,1023.4
20181110095702,23.1,47.5,1023.4
20181110095705,23.1,47.4,1023.4
20181110095708,23.1,47.3,1023.4
20181110095711,23.2,47.2,1023.5
20181110095714,23.2,47.2,1023.4
20181110095717,23.2,47.1,1023.5
20181110095720,23.2,47.6,1023.4
20181110095724,23.2,47.4,1023.4
20181110095727,23.3,47.2,1023.4
20181110095730,23.3,47.0,1023.3
20181110095733,23.4,46.9,1023.4
20181110095736,23.4,46.7,1023.4
20181110095739,23.4,46.6,1023.4
20181110095742,23.5,46.5,1023.4
20181110095745,23.5,46.5,1023.4
20181110095749,23.5,46.4,1023.4
20181110095752,23.5,46.3,1023.4
20181110095755,23.6,46.3,1023.4
20181110095758,23.6,46.2,1023.4
20181110095801,23.6,46.2,1023.4
20181110095804,23.6,46.2,1023.4
20181110095807,23.6,46.1,1023.3
20181110095810,23.6,46.1,1023.4
20181110095813,23.7,46.0,1023.5
20181110095817,23.7,46.0,1023.4
20181110095820,23.7,45.9,1023.3
20181110095823,23.7,45.9,1023.4
20181110095826,23.7,45.8,1023.4
20181110095829,23.7,45.8,1023.4
20181110095832,23.8,45.7,1023.4
20181110095835,23.8,45.6,1023.3
20181110095838,23.8,45.5,1023.4
20181110095841,23.9,45.5,1023.3
20181110095845,23.9,45.4,1023.4
20181110095848,24.0,45.3,1023.4
20181110095851,24.0,45.3,1023.4
20181110095854,24.0,45.2,1023.4
20181110095857,23.9,45.3,1023.4
20181110095900,23.9,45.2,1023.3
20181110095903,24.0,45.2,1023.3
20181110095906,24.0,45.1,1023.4
20181110095243,23.8,47.5,1023.4
20181110095246,23.7,47.5,1023.4
20181110095249,23.7,47.3,1023.4
20181110095253,23.7,47.4,1023.4
20181110095256,23.6,47.3,1023.4
20181110095259,23.6,47.3,1023.4
20181110095302,23.6,47.7,1023.4
20181110095305,23.6,47.8,1023.4
20181110095308,23.6,47.7,1023.4
20181110095311,23.6,47.5,1023.5
20181110095314,23.6,47.7,1023.4
20181110095317,23.6,47.9,1023.3
20181110095321,23.6,48.0,1023.3
20181110095324,23.7,47.9,1023.3
20181110095327,23.7,48.3,1023.3
20181110095330,23.7,48.5,1023.3
20181110095333,23.7,48.3,1023.4
20181110095336,23.8,48.1,1023.4
20181110095339,23.8,47.6,1023.4
20181110095342,23.8,47.3,1023.4
20181110095345,23.8,47.5,1023.3
20181110095349,23.8,47.7,1023.3
20181110095352,23.8,47.6,1023.5
20181110095355,23.8,47.4,1023.9
20181110095358,23.8,47.2,1024.2
20181110095401,23.8,47.1,1024.6
20181110095404,23.9,47.2,1025.0
20181110095407,23.9,47.3,1025.4
20181110095410,23.9,47.3,1025.6
20181110095414,23.9,47.1,1025.7
20181110095417,23.9,47.0,1025.7
20181110095420,23.9,46.7,1025.8
20181110095423,23.8,46.6,1025.9
20181110095426,23.7,46.5,1025.8
20181110095429,23.6,46.5,1025.8
20181110095432,23.5,46.6,1025.8
20181110095435,23.4,46.7,1025.8
20181110095438,23.3,46.7,1025.8
20181110095442,23.3,46.8,1025.8
20181110095445,23.2,46.9,1025.7
20181110095448,23.2,46.8,1025.7
20181110095451,23.2,46.8,1025.8
20181110095454,23.1,46.7,1025.7
20181110095457,23.1,46.7,1025.7
20181110095500,23.1,46.8,1025.7
20181110095503,23.2,46.6,1025.8
20181110095506,23.1,46.6,1025.7
20181110095510,23.1,46.7,1025.8
20181110095513,23.2,46.8,1025.8
20181110095516,23.2,47.0,1025.8
20181110095519,23.3,46.9,1025.8
20181110095522,23.3,46.8,1025.8
20181110095525,23.4,46.6,1025.8
20181110095528,23.4,46.6,1025.8
20181110095531,23.5,46.5,1025.8
20181110095534,23.5,46.5,1026.2
20181110095538,23.2,46.8,1026.0
20181110095541,23.0,47.5,1025.8
20181110095544,23.0,47.5,1025.8
20181110095547,23.0,51.1,1025.8
20181110095550,23.1,51.7,1025.8
20181110095553,23.3,48.0,1025.9
20181110095556,23.4,48.3,1025.8
20181110095559,23.4,48.5,1025.8
20181110095602,23.5,48.4,1025.8
20181110095606,23.6,48.2,1025.8
20181110095609,23.6,47.9,1025.9
20181110095612,23.7,47.6,1025.9
20181110095615,23.8,47.3,1025.8
20181110095618,23.8,47.1,1025.8
20181110095621,23.9,46.9,1025.9
20181110095624,23.9,46.8,1025.8
20181110095627,24.0,46.4,1025.9
20181110095630,24.0,46.2,1025.8
20181110095633,24.0,46.1,1025.9
20181110095637,24.0,46.1,1025.8
20181110095640,24.1,46.2,1025.8
20181110095643,24.1,46.3,1025.8
20181110095646,24.1,46.2,1025.9
20181110095649,24.2,46.2,1025.9
20181110095652,24.2,46.4,1025.9
20181110095655,24.2,46.4,1025.9
20181110095658,24.3,46.3,1025.8
20181110095701,24.3,46.0,1025.8
20181110095705,24.3,45.9,1025.9
20181110095708,24.3,45.9,1025.8
20181110095711,24.3,46.0,1025.8
20181110095714,24.4,46.0,1025.8
20181110095717,24.4,46.0,1025.9
20181110095720,24.4,46.1,1025.8
20181110095723,24.4,45.8,1025.8
20181110095726,24.4,45.8,1025.8
20181110095729,24.5,45.8,1025.9
20181110095733,24.5,45.9,1025.8
20181110095736,24.5,45.9,1025.9
20181110095739,24.5,45.8,1025.9
20181110095742,24.5,45.6,1025.9
20181110095745,24.5,45.5,1025.9
20181110095748,24.5,45.5,1025.8
20181110095751,24.5,45.5,1025.9
20181110095754,24.6,45.4,1025.8
20181110095757,24.6,45.3,1025.8
20181110095801,24.6,45.2,1025.8
20181110095804,24.6,45.3,1025.9
20181110095807,24.6,45.3,1025.9
20181110095810,24.6,45.3,1025.9
20181110095813,24.6,45.2,1025.8
20181110095816,24.6,45.0,1025.8
20181110095819,24.7,45.1,1025.8
20181110095822,24.7,45.0,1025.8
20181110095825,24.7,45.0,1025.8
20181110095829,24.7,44.9,1025.8
20181110095832,24.7,44.9,1025.9
20181110095835,24.7,44.8,1025.9
20181110095838,24.7,44.8,1025.9
20181110095841,24.7,44.8,1025.8
20181110095844,24.7,44.8,1025.8
20181110095847,24.7,44.8,1025.8
20181110095850,24.7,44.8,1025.9
20181110095853,24.8,44.8,1025.9
20181110095857,24.8,44.8,1025.8
20181110095900,24.8,44.6,1025.9
20181110095903,24.8,44.4,1025.9
20181110095906,24.8,44.6,1025.8
20181110095909,24.8,44.4,1025.8
20181110095912,24.8,44.5,1025.8
20181110095915,24.8,44.3,1025.8
20181110095918,24.8,44.3,1025.8
20181110095921,24.8,44.2,1025.8
20181110095925,24.8,44.3,1025.8
20181110095928,24.8,44.3,1025.9
20181110095931,24.8,44.2,1025.9
20181110095934,24.8,44.2,1025.9
20181110095937,24.8,44.1,1025.9
20181110095940,24.8,44.1,1025.9
20181110095943,24.8,44.0,1025.9
20181110095946,24.8,44.0,1025.9
20181110095949,24.8,43.9,1025.8
20181110095953,24.8,43.8,1025.9
20181110095956,24.8,43.8,1025.8
20181110095959,24.8,43.8,1025.9
20181110100002,24.8,43.7,1025.9
20181110100005,24.8,43.6,1025.8
20181110100008,24.7,43.6,1025.8
20181110100011,24.7,43.5,1025.9
20181110100014,24.7,43.6,1025.8
20181110100017,24.7,43.7,1025.9
20181110100021,24.7,43.8,1025.8
20181110100024,24.8,43.9,1025.8
20181110100027,24.7,43.9,1025.9
20181110100030,24.8,43.7,1025.9
20181110100033,24.8,43.8,1025.9
20181110100036,24.8,44.0,1025.9
20181110100039,24.8,44.2,1025.9
20181110100042,24.8,44.3,1025.8
20181110100045,24.8,44.3,1025.8
20181110100049,24.8,44.3,1025.8
20181110100052,24.8,44.7,1025.9
20181110100055,24.9,44.7,1025.9
20181110100058,24.9,44.6,1025.8
20181110100101,24.9,44.5,1025.9
20181110100104,24.9,44.4,1025.9
20181110100107,24.9,44.4,1025.8
20181110100110,24.9,44.5,1025.9
20181110100113,25.0,44.4,1025.9
20181110100117,25.0,44.4,1025.8
20181110100120,25.0,44.2,1025.9
20181110100123,25.0,44.1,1025.8
20181110100126,25.0,44.2,1025.9
20181110100129,25.0,44.1,1025.9
20181110100132,25.0,44.0,1025.8
20181110100135,25.0,44.0,1025.8
20181110100138,25.0,44.0,1025.9
20181110100141,25.0,44.0,1025.8
20181110100145,25.0,44.0,1025.8
20181110100148,25.0,43.9,1025.8
20181110100151,25.0,43.9,1025.8
20181110100154,25.1,44.0,1025.8
20181110100157,25.1,44.0,1025.8
20181110100200,25.1,43.9,1025.8
20181110100203,25.1,43.9,1025.8
20181110100206,25.1,43.9,1025.8
20181110100209,25.1,43.9,1025.8
20181110100213,25.1,44.0,1025.8
20181110100216,25.1,43.9,1025.8
20181110100219,25.1,43.9,1025.8
20181110100222,25.1,43.9,1025.9
20181110100225,25.1,44.0,1025.8
20181110100228,25.1,43.9,1025.8
20181110100231,25.1,43.9,1025.8
20181110100234,25.1,43.8,1025.9
20181110100237,25.1,43.8,1025.8
20181110100241,25.1,43.9,1025.8
20181110100244,25.1,43.8,1025.9
20181110100247,25.1,43.7,1025.9
20181110100250,25.2,43.7,1025.8
20181110100253,25.2,43.7,1025.9
20181110100256,25.2,43.8,1025.9
20181110100259,25.2,43.8,1025.8
20181110100302,25.2,43.8,1025.8
20181110100305,25.2,43.7,1025.8
20181110100309,25.2,43.6,1025.8
20181110100312,25.1,43.5,1025.9
20181110100315,25.2,43.6,1025.9
20181110100318,25.2,43.6,1025.8
20181110100321,25.1,43.5,1025.8
20181110100324,25.1,43.6,1025.8
20181110100327,25.1,43.5,1025.9
20181110100330,25.1,43.4,1025.8
20181110100333,25.1,43.4,1025.8
20181110100337,25.1,43.5,1025.9
20181110100340,25.1,43.5,1025.8
20181110100343,25.1,43.5,1025.9
20181110100346,25.1,43.5,1025.9
20181110100349,25.1,43.5,1025.8
20181110100352,25.1,43.5,1025.9
20181110100355,25.1,43.4,1025.8
20181110100358,25.1,43.4,1025.8
20181110100401,25.1,43.5,1025.9
20181110100405,25.1,43.5,1025.8
20181110100408,25.1,43.5,1025.9
20181110100411,25.1,43.4,1025.8
20181110100414,25.1,43.4,1025.8
20181110100417,25.1,43.4,1025.9
20181110100420,25.1,43.4,1025.8
20181110100423,25.1,43.3,1025.9
20181110100426,25.1,43.3,1025.8
20181110100429,25.1,43.3,1025.8
20181110100433,25.0,43.2,1025.8
20181110100436,25.0,43.2,1025.8
20181110100439,25.0,43.2,1025.8
20181110100442,25.0,43.2,1025.8
20181110100445,25.0,43.3,1025.9
20181110100448,25.0,43.4,1025.8
20181110100451,25.0,43.5,1025.8
20181110100454,25.0,43.6,1025.8
20181110100457,25.0,43.6,1025.8
20181110100501,25.0,43.6,1025.8
20181110100504,25.0,43.6,1025.8
20181110100507,25.0,43.6,1025.9
20181110100510,25.0,43.7,1025.8
20181110100513,25.0,43.8,1025.9
20181110100516,25.0,43.9,1025.8
20181110100519,25.0,44.0,1025.8
20181110100522,25.0,44.0,1025.8
20181110100525,25.0,44.0,1025.8
20181110100529,25.0,43.9,1025.8
20181110100532,25.0,43.9,1025.7
20181110100535,25.0,44.0,1025.8
20181110100538,25.0,44.1,1025.8
20181110100541,25.0,44.1,1025.8
20181110100544,25.0,44.1,1025.9
20181110100547,25.0,44.1,1025.8
20181110100550,25.0,44.0,1025.8
20181110100553,25.0,44.0,1025.8
20181110100557,25.0,44.0,1025.8
20181110100600,25.0,44.0,1025.8
20181110100603,25.0,44.1,1025.8
20181110100606,25.0,44.1,1025.8
20181110100609,25.0,44.0,1025.8
20181110100612,25.0,43.9,1025.8
20181110100615,25.0,43.9,1025.8
20181110100618,25.0,43.9,1025.8
20181110100621,25.0,43.9,1025.7
20181110100625,25.0,43.9,1025.8
20181110100628,25.0,44.0,1025.7
20181110100631,25.0,44.0,1025.7
20181110100634,25.0,44.1,1025.8
20181110100637,25.0,44.0,1025.7
20181110100640,25.0,44.0,1025.7
20181110100643,25.0,44.0,1025.8
20181110100646,25.0,44.0,1025.8
20181110100649,25.0,44.0,1025.7
20181110100653,25.0,44.0,1025.8
20181110100656,25.0,44.0,1025.7
20181110100659,25.0,44.0,1025.7
20181110100702,25.0,44.0,1025.7
20181110100705,25.0,43.9,1025.7
20181110100708,25.0,43.9,1025.7
20181110100711,25.0,43.9,1025.8
20181110100714,25.0,44.1,1025.7
20181110100717,25.0,44.2,1025.7
20181110100721,25.0,44.1,1025.9
20181110100724,24.7,44.3,1025.7
20181110100727,24.6,44.8,1025.7
20181110100730,24.5,44.9,1026.0
20181110100733,24.2,45.0,1025.9
20181110100736,24.1,45.0,1025.8
20181110100739,24.1,45.0,1025.7
20181110100742,24.0,45.0,1025.9
20181110100745,23.9,45.0,1025.8
20181110100749,23.9,45.0,1025.7
20181110100752,23.8,45.2,1025.7
20181110100755,23.7,45.5,1025.8
20181110100758,23.7,45.8,1025.7
20181110100801,23.6,45.9,1025.7
20181110100804,23.7,45.8,1025.8
20181110100807,23.6,45.9,1025.8
20181110100810,23.6,45.9,1025.6
20181110100813,23.6,46.1,1025.7
20181110100816,23.6,46.1,1025.8
20181110100820,23.6,46.2,1025.7
20181110100823,23.6,46.2,1025.8
20181110100826,23.5,46.2,1025.7
20181110100829,23.5,46.3,1025.8
20181110100832,23.4,46.4,1025.7
20181110100835,23.5,46.4,1025.7
20181110100838,23.5,46.4,1025.7
20181110100841,23.5,46.4,1025.8
20181110100844,23.5,46.4,1025.7
20181110100848,23.5,46.8,1025.6
20181110100851,23.5,47.0,1025.8
20181110100854,23.6,46.8,1025.7
20181110100857,23.7,46.7,1025.6
20181110100900,23.7,46.3,1025.7
20181110100903,23.8,46.3,1025.7
20181110100906,23.8,46.3,1025.7
20181110100909,23.9,46.0,1025.6
20181110100912,23.9,45.9,1025.8
20181110100916,23.9,45.7,1025.7
20181110100919,24.0,45.8,1025.7
20181110100922,24.1,45.7,1025.7
20181110100925,24.1,45.8,1025.7
20181110100928,24.1,45.7,1025.8
20181110100931,24.1,45.7,1025.7
20181110100934,24.1,45.8,1025.8
20181110100937,24.0,46.1,1025.6
20181110100940,24.1,46.1,1025.7
20181110100944,24.1,46.1,1025.7
20181110100947,24.1,46.2,1025.7
20181110100950,24.0,46.2,1025.8
20181110100953,24.0,46.1,1025.7
20181110100956,24.0,46.2,1025.7
20181110100959,24.0,46.1,1025.7
20181110101002,24.1,46.0,1025.7
20181110101005,24.1,45.9,1025.6
20181110101008,24.1,45.8,1025.7
20181110101012,24.1,45.8,1025.6
20181110101015,24.1,45.8,1025.7
20181110101018,24.1,45.8,1025.8
20181110101021,24.1,45.8,1025.8
20181110101024,24.0,45.9,1025.7
20181110101027,24.1,45.9,1025.7
20181110101030,24.1,45.9,1025.7
20181110101033,24.1,46.0,1025.7
20181110101036,24.2,46.0,1025.8
20181110101040,24.2,45.8,1025.7
20181110101043,24.2,45.6,1025.8
20181110101046,24.2,45.6,1025.8
20181110101049,24.2,45.6,1025.7
20181110101052,24.2,45.7,1025.8
20181110101055,24.3,45.8,1025.8
20181110101058,24.3,45.8,1025.7
20181110101101,24.3,46.1,1025.8
20181110101104,24.3,46.7,1025.7
20181110101108,24.4,47.0,1025.8
20181110101111,24.4,46.7,1025.8
20181110101114,24.5,47.0,1025.7
20181110101117,24.5,47.7,1025.8
20181110101120,24.5,58.3,1025.7
20181110101123,24.5,47.1,1025.8
20181110101126,24.6,49.0,1025.7
20181110101129,24.5,46.1,1025.1
20181110101132,24.6,45.8,1026.0
20181110101136,24.1,52.6,1025.7
20181110101139,24.0,46.5,1025.6
20181110101142,24.0,47.0,1025.6
20181110101145,23.9,48.3,1025.7
20181110101148,23.9,49.6,1025.5
20181110101151,24.0,49.5,1025.5
20181110101154,24.1,49.1,1025.5
20181110101157,24.1,49.0,1025.6
20181110101200,24.2,49.3,1025.6
20181110101204,24.2,49.0,1025.5
20181110101207,24.3,48.5,1025.5
20181110101210,24.5,47.9,1025.6
20181110101213,24.6,47.7,1025.5
20181110101216,24.7,47.4,1025.5
20181110101219,24.8,47.8,1025.5
20181110101222,24.9,47.4,1025.5
20181110101225,25.0,47.2,1025.6
20181110101228,25.1,47.1,1025.6
20181110101232,25.2,46.9,1025.5
20181110101235,25.3,46.5,1025.6
20181110101238,25.4,46.1,1025.7
20181110101241,25.2,46.2,1025.5
20181110101244,25.2,46.0,1025.7
20181110101247,25.1,45.8,1025.6
20181110101250,25.1,46.2,1025.6
20181110101253,25.1,46.3,1025.6
20181110101256,25.2,46.0,1025.5
20181110101300,25.3,45.7,1025.5
20181110101303,25.4,45.8,1025.6
20181110101306,25.5,45.5,1025.6
20181110101309,25.5,44.9,1025.6
20181110101312,25.5,45.4,1025.5
20181110101315,25.5,45.4,1025.5
20181110101318,25.6,45.5,1025.6
20181110101321,25.5,45.2,1025.8
20181110101324,25.3,45.0,1025.6
20181110101327,25.3,44.9,1025.5
20181110101331,25.3,44.9,1025.5
20181110101334,25.2,44.9,1025.6
20181110101337,25.0,45.2,1025.7
20181110101340,24.9,45.4,1025.5
20181110101343,24.8,45.7,1025.6
20181110101346,24.6,46.0,1025.6
20181110101349,24.5,46.3,1025.5
20181110101352,24.4,46.6,1025.5
20181110101355,24.4,46.8,1025.4
20181110101359,24.4,46.9,1025.6
20181110101402,24.3,46.8,1025.4
20181110101405,24.4,46.5,1025.5
20181110101408,24.4,46.4,1025.5
20181110101411,24.4,46.4,1025.4
20181110101414,24.4,46.1,1025.6
20181110101417,24.3,46.0,1025.6
20181110101420,24.2,46.2,1025.5
20181110101423,24.2,46.3,1025.8
20181110101427,24.0,46.4,1025.5
20181110101430,24.1,46.4,1025.5
20181110101433,24.0,46.9,1025.6
20181110101436,23.8,48.0,1025.6
20181110101439,23.7,48.5,1025.6
20181110101442,23.6,48.7,1025.6
20181110101445,23.6,48.6,1025.5
20181110101448,23.5,48.6,1025.5
20181110101451,23.5,48.8,1025.5
20181110101455,23.5,49.0,1025.4
20181110101458,23.5,49.3,1025.5
20181110101501,23.5,49.5,1025.5
20181110101504,23.4,49.6,1025.5
20181110101507,23.4,49.4,1025.4
20181110101510,23.4,49.1,1025.5
20181110101513,23.3,48.9,1025.6
20181110101516,23.3,48.9,1025.5
20181110101519,23.3,48.8,1025.5
20181110101523,23.2,49.0,1025.5
20181110101526,23.2,48.8,1025.5
20181110101529,23.1,48.8,1025.5
20181110101532,23.1,48.8,1025.5
20181110101535,23.1,48.7,1025.5
20181110101538,23.0,48.7,1025.5
20181110101541,23.0,48.7,1025.6
20181110101544,22.8,48.8,1025.5
20181110101547,22.7,49.0,1025.6
20181110101551,22.7,49.1,1025.6
20181110101554,22.6,49.3,1025.5
20181110101557,22.5,49.5,1025.5
20181110101600,22.5,49.6,1025.6
20181110101603,22.4,49.7,1025.5
20181110101606,22.4,50.0,1025.6
20181110101609,22.3,50.3,1025.5
20181110101612,22.3,50.2,1025.5
20181110101615,22.2,50.4,1025.5
20181110101619,22.1,50.6,1025.6
20181110101622,21.9,50.7,1025.4
20181110101625,21.9,50.9,1025.8
20181110101628,21.6,51.2,1025.4
20181110101631,21.7,51.4,1025.5
20181110101634,21.6,51.9,1025.7
20181110101637,21.5,52.2,1025.5
20181110101640,21.4,52.4,1025.6
20181110101643,21.4,52.6,1025.5
20181110101647,21.3,52.7,1025.6
20181110101650,21.3,52.8,1025.5
20181110101653,21.2,53.1,1025.6
20181110101656,21.1,53.1,1025.5
20181110101659,21.1,53.3,1025.5
20181110101702,21.0,53.5,1025.5
20181110101705,21.0,53.6,1025.6
20181110101708,20.9,53.8,1025.5
20181110101711,20.8,54.0,1025.5
20181110101715,20.8,54.1,1025.5
20181110101718,20.8,54.4,1025.5
20181110101721,20.7,54.6,1025.5
20181110101724,20.7,54.7,1025.5
20181110101727,20.7,54.8,1025.5
20181110101730,20.7,54.8,1025.5
20181110101733,20.7,54.9,1025.5
20181110101736,20.7,54.8,1025.5
20181110101739,20.7,54.9,1025.6
20181110101743,20.6,55.0,1025.5
20181110101746,20.6,55.2,1025.5
20181110101749,20.6,55.3,1025.5
20181110101752,20.6,55.3,1025.5
20181110101755,20.5,55.4,1025.5
20181110101758,20.5,55.5,1025.4
20181110101801,20.5,55.6,1025.5
20181110101804,20.5,55.7,1025.5
20181110101807,20.4,55.8,1025.6
20181110101811,20.4,56.1,1025.5
20181110101814,20.4,56.1,1025.5
20181110101817,20.4,56.2,1025.5
20181110101820,20.4,56.2,1025.5
20181110101823,20.4,56.1,1025.5
20181110101826,20.4,56.2,1025.5
20181110101829,20.4,56.3,1025.4
20181110101832,20.4,56.1,1025.5
20181110101835,20.4,55.8,1025.5
20181110101839,20.4,55.8,1025.6
20181110101842,20.4,55.7,1025.5
20181110101845,20.3,55.7,1025.5
20181110101848,20.3,55.8,1025.5
20181110101851,20.3,55.9,1025.5
20181110101854,20.2,56.0,1025.6
20181110101857,20.2,56.0,1025.5
20181110101900,20.1,56.1,1025.6
20181110101903,20.1,56.4,1025.6
20181110101907,20.0,56.5,1025.5
20181110101910,20.1,56.5,1025.4
20181110101913,20.1,56.6,1025.5
20181110101916,20.1,56.5,1025.6
20181110101919,20.1,56.4,1025.6
20181110101922,20.0,56.6,1025.6
20181110101925,20.0,56.8,1025.5
20181110101928,19.9,56.8,1025.5
20181110101931,19.9,56.8,1025.6
20181110101935,19.7,56.8,1025.8
20181110101938,19.6,57.2,1025.6
20181110101941,19.5,57.5,1025.6
20181110101944,19.4,57.6,1025.5
20181110101947,19.4,57.8,1025.5
20181110101950,19.4,58.0,1025.5
20181110101953,19.4,58.4,1025.4
20181110101956,19.4,58.3,1025.5
20181110101959,19.4,58.3,1025.5
20181110102003,19.4,58.1,1025.7
20181110102006,19.2,58.2,1025.6
20181110102009,19.2,58.5,1025.6
20181110102012,19.2,58.8,1025.6
20181110102015,19.2,58.8,1025.4
20181110102018,19.3,58.8,1025.6
20181110102021,19.3,59.0,1025.6
20181110102024,19.3,59.2,1025.5
20181110102027,19.3,59.1,1025.5
20181110102031,19.3,58.9,1025.5
20181110102034,19.3,58.8,1025.5
20181110102037,19.3,58.5,1025.6
20181110102040,19.3,58.4,1025.5
20181110102043,19.3,58.5,1025.6
20181110102046,19.3,58.5,1025.6
20181110102049,19.3,58.5,1025.5
20181110102052,19.3,58.7,1025.6
20181110102055,19.2,58.6,1025.5
20181110102059,19.2,58.6,1025.6
20181110102102,19.2,58.7,1025.4
20181110102105,19.2,58.8,1025.5
20181110102108,19.2,58.7,1025.5
20181110102111,19.2,58.8,1025.5
20181110102114,19.1,59.0,1025.5
20181110102117,19.1,59.1,1025.6
20181110102120,19.1,59.3,1025.6
20181110102123,19.0,59.6,1025.6
20181110102127,19.1,60.0,1025.5
20181110102130,19.1,60.5,1025.5
20181110102133,19.1,60.7,1025.5
20181110102136,19.1,60.6,1025.5
20181110102139,19.1,60.1,1025.5
20181110102142,19.2,59.8,1025.5
20181110102145,19.2,59.7,1025.5
20181110102148,19.2,59.6,1025.5
20181110102151,19.2,59.4,1025.5
20181110102155,19.3,59.1,1025.6
20181110102158,19.2,59.1,1025.5
20181110102201,19.2,59.1,1025.5
20181110102204,19.2,59.0,1025.5
20181110102207,19.3,59.0,1025.5
20181110102210,19.3,59.0,1025.5
20181110102213,19.3,58.9,1025.6
20181110102216,19.2,59.0,1025.5
20181110102219,19.3,59.0,1025.5
20181110102223,19.2,59.0,1025.5
20181110102226,19.2,59.1,1025.6
20181110102229,19.1,59.1,1025.6
20181110102232,19.1,59.2,1025.5
20181110102235,19.1,59.1,1025.5
20181110102238,19.1,59.2,1025.4
20181110102241,19.1,59.2,1025.5
20181110102244,19.1,59.1,1025.5
20181110102247,19.1,59.1,1025.5
20181110102250,19.1,59.1,1025.5
20181110102254,19.1,59.1,1025.5
20181110102257,19.1,59.2,1025.6
20181110102300,19.0,59.3,1025.5
20181110102303,19.1,59.4,1025.5
20181110102306,19.1,59.3,1025.5
20181110102309,19.1,59.4,1025.5
20181110102312,19.1,59.4,1025.5
20181110102315,19.1,59.5,1025.5
20181110102318,19.1,59.4,1025.5
20181110102322,19.1,59.3,1025.5
20181110102325,19.1,59.1,1025.5
20181110102328,19.1,59.1,1025.5
20181110102331,19.2,59.2,1025.5
20181110102334,19.2,59.1,1025.5
20181110102337,19.2,59.1,1025.5
20181110102340,19.2,59.2,1025.5
20181110102343,19.2,59.2,1025.4
20181110102346,19.2,59.0,1025.5
20181110102350,19.3,59.0,1025.4
20181110102353,19.3,59.0,1025.4
20181110102356,19.3,58.9,1025.5
20181110102359,19.3,59.0,1025.5
20181110102402,19.3,59.0,1025.5
20181110102405,19.4,59.0,1025.4
20181110102408,19.4,58.9,1025.4
20181110102411,19.4,59.0,1025.4
20181110102414,19.4,59.1,1025.5
20181110102418,19.4,59.0,1025.4
20181110102421,19.5,59.1,1025.5
20181110102424,19.5,58.6,1025.5
20181110102427,19.6,59.0,1025.0
20181110102430,19.7,60.7,1025.3
20181110102433,20.0,60.5,1025.4
20181110102437,19.9,59.0,1025.7
20181110102440,19.9,58.4,1025.7
20181110102443,19.9,58.2,1025.7
20181110102446,19.8,58.0,1025.7
20181110102449,19.8,58.1,1025.7
20181110102452,19.7,58.3,1025.7
20181110102455,19.7,57.9,1025.7
20181110102458,19.7,57.9,1025.7
20181110102501,19.7,57.8,1025.7
20181110102505,19.7,57.6,1025.6
20181110102508,19.7,57.8,1025.7
20181110102511,19.6,57.9,1025.8
20181110102514,19.5,58.1,1025.7
20181110102517,19.5,58.0,1025.6
20181110102520,19.5,58.2,1025.8
20181110102523,19.3,58.6,1025.7
20181110102526,19.2,58.9,1025.7
20181110102529,19.1,59.5,1025.7
20181110102533,19.0,59.4,1025.7
20181110102536,19.0,59.7,1025.7
20181110102539,19.0,60.1,1025.7
20181110102542,18.9,60.7,1025.7
20181110102545,18.9,60.7,1025.7
20181110102548,18.8,60.7,1025.6
20181110102551,18.9,61.1,1025.6
20181110102554,18.9,61.2,1025.6
20181110102557,19.0,61.6,1025.6
20181110102601,19.0,61.6,1025.6
20181110102604,19.0,61.3,1025.6
20181110102607,19.1,61.1,1025.6
20181110102610,19.1,60.8,1025.6
20181110102613,19.2,60.0,1025.5
20181110102616,19.2,60.1,1025.6
20181110102619,19.3,60.4,1025.5
20181110102622,19.4,59.6,1025.5
20181110102625,19.5,58.9,1025.5
20181110102629,19.5,61.0,1025.5
20181110102632,19.9,59.0,1025.5
20181110102635,19.9,58.2,1025.4
20181110102638,20.0,58.0,1025.6
20181110102641,20.0,58.7,1025.5
20181110102644,20.4,59.1,1026.0
20181110102647,20.5,61.9,1025.4
20181110102650,20.7,58.4,1025.6
20181110102653,20.8,56.2,1025.5
20181110102657,21.0,56.0,1025.4
20181110102700,21.1,55.2,1025.3
20181110102703,21.2,54.3,1025.6
20181110102706,21.1,54.0,1025.6
20181110102709,20.9,54.0,1025.6
20181110102712,20.8,54.6,1025.5
20181110102715,20.8,55.1,1025.4
20181110102718,20.8,55.0,1025.5
20181110102721,20.8,54.8,1025.5
20181110102725,20.9,54.8,1025.5
20181110102728,20.9,54.6,1025.6
20181110102731,20.9,54.1,1025.4
20181110102734,20.8,53.7,1025.7
20181110102737,20.7,53.9,1025.5
20181110102740,20.6,54.5,1025.5
20181110102743,20.4,54.9,1025.6
20181110102746,20.1,55.2,1025.7
20181110102749,19.9,55.7,1025.6
20181110102753,19.8,56.3,1025.6
20181110102756,19.7,56.5,1025.6
20181110102759,19.8,56.7,1025.5
20181110102802,19.7,56.7,1025.7
20181110102805,19.5,57.0,1025.6
20181110102808,19.6,56.9,1025.6
20181110102811,19.5,56.9,1025.7
20181110102814,19.3,57.1,1025.8
20181110102817,19.1,57.5,1025.6
20181110102821,19.2,57.6,1025.5
20181110102824,19.3,57.6,1025.6
20181110102827,19.3,57.6,1025.7
20181110102830,19.1,57.7,1025.6
20181110102833,19.1,58.0,1025.6
20181110102836,19.1,58.1,1025.6
20181110102839,19.2,57.8,1025.5
20181110102842,19.1,58.0,1025.6
20181110102845,19.1,57.8,1025.6
20181110102849,19.1,57.7,1025.5
20181110102852,19.2,57.5,1025.4
20181110102855,19.3,57.7,1025.6
20181110102858,19.3,57.5,1025.6
20181110102901,19.3,57.3,1025.5
20181110102904,19.4,57.2,1025.5
20181110102907,19.3,57.3,1025.5
20181110102910,19.4,57.3,1025.5
20181110102913,19.4,57.2,1025.4
20181110102917,19.4,57.1,1025.4
20181110102920,19.5,57.1,1025.5
20181110102923,19.5,57.0,1025.4
20181110102926,19.5,57.0,1025.4
20181110102929,19.6,57.2,1025.4
20181110102932,19.6,57.7,1025.3
20181110102935,19.7,58.2,1025.3
20181110102938,19.8,58.6,1025.4
20181110102941,19.9,59.1,1025.1
20181110102945,19.9,59.6,1024.8
20181110102948,20.0,59.8,1024.3
20181110102951,20.1,60.6,1024.0
20181110102954,20.2,60.6,1023.6
20181110102957,20.2,60.3,1023.5
20181110103000,20.3,59.9,1023.4
20181110103003,20.3,60.0,1023.5
20181110103006,20.4,60.9,1023.5
20181110103009,20.5,62.1,1023.4
20181110103013,20.5,63.3,1023.0
20181110103016,20.6,61.2,1023.0
20181110103019,20.6,58.6,1023.0
20181110103022,20.6,56.3,1023.1
20181110103025,20.5,55.3,1023.1
20181110103028,20.5,55.0,1023.1
20181110103031,20.5,54.8,1023.1
20181110103034,20.4,54.9,1023.1
20181110103037,20.4,54.8,1023.0
20181110103041,20.4,54.9,1023.0
20181110103044,20.5,54.9,1023.0
20181110103047,20.5,54.7,1023.0
20181110103050,20.5,54.8,1023.0
20181110103053,20.6,54.6,1022.9
20181110103056,20.7,54.2,1022.9
20181110103059,20.7,54.1,1023.1
20181110103102,20.7,54.2,1023.0
20181110103105,20.8,54.2,1023.1
20181110103109,20.8,55.5,1023.0
20181110103112,20.9,57.5,1023.0
                                20181110104213,21.8,51.4,1023.0
20181110104216,21.8,51.3,1022.9
20181110104219,21.9,51.2,1023.0
20181110104222,21.9,51.2,1023.0
20181110104225,22.0,51.0,1023.0
20181110104229,22.0,50.8,1023.0
20181110104232,22.0,50.7,1023.0
20181110104235,22.1,50.6,1022.9
20181110104238,22.1,50.5,1022.9
20181110104241,22.2,50.4,1023.0
20181110104244,22.2,50.3,1023.0
20181110104247,22.3,50.2,1023.0
20181110104250,22.3,50.1,1022.9
20181110104254,22.3,49.9,1023.0
20181110104257,22.4,49.7,1023.0
20181110104300,22.4,49.6,1023.0
20181110104303,22.4,49.5,1022.9
20181110104306,22.5,49.4,1023.0
20181110104309,22.5,49.3,1023.0
20181110104312,22.5,49.2,1022.9
20181110104315,22.5,49.1,1022.9
20181110104318,22.6,49.0,1022.9
20181110104322,22.6,49.0,1022.9
20181110104325,22.7,48.8,1022.9
20181110104328,22.7,48.7,1022.9
20181110104331,22.7,48.6,1022.9
20181110104334,22.8,48.5,1023.0
20181110104337,22.8,48.4,1022.9
20181110104340,22.8,48.3,1023.0
20181110104343,22.9,48.3,1022.9
20181110104347,22.9,48.2,1023.0
20181110104350,23.0,48.0,1022.9
20181110104353,23.0,48.0,1023.0
20181110104356,23.0,47.9,1022.9
20181110104359,23.1,47.8,1022.9
20181110104402,23.1,47.7,1023.0
20181110104405,23.1,47.7,1023.0
20181110104408,23.2,47.6,1023.0
20181110104412,23.2,47.5,1022.9
20181110104415,23.2,47.4,1023.0
20181110104418,23.2,47.4,1022.9
20181110104421,23.2,47.3,1022.9
20181110104424,23.2,47.2,1023.0
20181110104427,23.3,47.2,1022.9
20181110104430,23.3,47.1,1023.0
20181110104433,23.3,47.0,1022.9
20181110104436,23.4,47.0,1022.9
20181110104440,23.4,46.8,1022.9
20181110104443,23.4,46.7,1022.9
20181110104446,23.5,46.6,1022.9
20181110104449,23.5,46.6,1022.9
20181110104452,23.5,46.5,1023.0
20181110104455,23.5,46.4,1022.9
20181110104458,23.6,46.4,1022.9
20181110104501,23.6,46.3,1022.9
20181110104505,23.6,46.2,1022.9
20181110104508,23.6,46.2,1022.9
20181110104511,23.6,46.2,1022.9
20181110104514,23.6,46.1,1022.9
20181110104517,23.7,46.1,1022.9
20181110104520,23.7,46.0,1023.0
20181110104523,23.7,45.9,1022.9
20181110104526,23.8,45.9,1023.0
20181110104530,23.8,45.8,1022.9
20181110104533,23.9,45.7,1022.9
20181110104536,23.9,45.6,1022.9
20181110104539,23.9,45.5,1022.9
20181110104542,24.0,45.5,1022.9
20181110104545,24.0,45.4,1022.9
20181110104548,24.0,45.3,1022.9
20181110104551,24.0,45.2,1023.0
20181110104554,24.1,45.2,1022.9
20181110104558,24.1,45.1,1022.9
20181110104601,24.1,45.0,1022.9
20181110104604,24.2,44.9,1022.9
20181110104607,24.2,44.9,1022.9
20181110104610,24.2,44.8,1023.0
20181110104613,24.2,44.7,1022.9
20181110104616,24.2,44.7,1022.9
20181110104619,24.2,44.7,1022.9
20181110104623,24.2,44.7,1023.0
20181110104626,24.3,44.6,1022.9
20181110104629,24.3,44.7,1022.9
20181110104632,24.3,44.7,1022.9
20181110104635,24.3,44.6,1022.9
20181110104638,24.3,44.6,1022.9
20181110104641,24.4,44.4,1022.9
20181110104644,24.4,44.4,1022.9
20181110104648,24.4,44.3,1022.9
20181110104651,24.4,44.2,1022.9
20181110104654,24.4,44.2,1022.9
20181110104657,24.4,44.2,1022.9
20181110104700,24.4,44.2,1022.9
20181110104703,24.5,44.1,1022.9
20181110104706,24.5,44.1,1022.8
20181110104709,24.5,44.0,1022.9
20181110104712,24.6,43.9,1022.9
20181110104716,24.6,43.8,1022.9
20181110104719,24.6,43.8,1022.9
20181110104722,24.7,43.7,1022.9
20181110104725,24.7,43.7,1022.9
20181110104728,24.7,43.6,1022.8
20181110104731,24.7,43.5,1022.9
20181110104734,24.7,43.5,1022.9
20181110104737,24.8,43.5,1022.8
20181110104741,24.8,43.4,1022.8
20181110104744,24.8,43.4,1022.9
20181110104747,24.9,43.3,1022.8
20181110104750,24.9,43.2,1022.9
20181110104753,24.9,43.2,1022.9
20181110104756,24.9,43.1,1022.8
20181110104759,24.9,43.1,1022.9
20181110104802,24.9,43.1,1022.8
20181110104805,24.9,43.1,1022.9
20181110104809,24.9,43.0,1022.9
20181110104812,24.9,43.0,1022.8
20181110104815,25.0,42.9,1022.8
20181110104818,25.0,42.9,1022.8
20181110104821,25.0,42.8,1022.8
20181110104208,21.6,53.3,1022.3
20181110104211,21.6,52.5,1022.3
20181110104214,21.7,53.3,1022.3
20181110104217,21.8,54.3,1022.3
20181110104220,21.9,54.0,1022.2
20181110104223,21.9,52.9,1022.5
20181110104227,22.0,54.8,1022.8
20181110104230,22.1,54.5,1023.3
20181110104233,22.2,54.5,1023.6
20181110104236,22.3,55.1,1023.9
20181110104239,22.4,54.1,1024.3
20181110104242,22.5,53.2,1024.5
20181110104245,22.6,53.9,1024.5
20181110104248,22.7,52.8,1024.6
20181110104251,22.8,51.5,1024.6
20181110104255,22.8,51.3,1024.6
20181110104258,22.9,51.5,1024.6
20181110104301,22.9,51.7,1024.6
20181110104304,23.0,56.7,1024.6
20181110104307,23.1,54.4,1024.4
20181110104310,23.3,49.7,1024.7
20181110104313,23.1,49.6,1024.6
20181110104316,23.1,49.5,1024.7
20181110104319,23.0,49.7,1024.7
20181110104323,23.0,50.3,1024.7
20181110104326,22.9,50.1,1024.7
20181110104329,22.8,49.8,1024.6
20181110104332,22.8,50.3,1024.7
20181110104335,22.8,49.3,1024.6
20181110104338,22.8,49.9,1024.6
20181110104341,22.9,50.1,1024.6
20181110104344,22.9,50.8,1024.4
20181110104347,22.9,51.3,1024.4
20181110104351,23.1,53.9,1024.6
20181110104354,23.3,50.2,1024.4
20181110104357,23.5,58.9,1024.3
20181110104400,23.8,51.2,1024.6
20181110104403,23.9,48.3,1024.4
20181110104406,23.9,47.6,1024.7
20181110104409,23.8,47.3,1024.4
20181110104412,23.9,46.4,1024.8
20181110104415,23.7,47.0,1024.8
20181110104419,23.6,47.2,1024.8
20181110104422,23.5,47.3,1024.6
20181110104425,23.5,47.9,1024.7
20181110104428,23.4,47.7,1024.6
20181110104431,23.4,47.6,1024.7
20181110104434,23.4,47.8,1024.7
20181110104437,23.4,48.0,1024.6
20181110104441,23.4,47.5,1024.6
20181110104444,23.5,48.4,1024.6
20181110104447,23.6,48.1,1024.7
20181110104450,23.5,47.8,1024.7
20181110104453,23.4,47.0,1024.7
20181110104456,23.4,47.5,1024.7
20181110104459,23.4,47.9,1024.7
20181110104502,23.4,48.0,1024.8
20181110104505,23.5,49.2,1024.8
20181110104509,23.5,49.3,1024.8
20181110104512,23.5,49.0,1024.8
20181110104515,23.4,48.0,1024.9
20181110104518,23.3,47.7,1024.8
20181110104521,23.3,48.0,1024.8
20181110104524,23.3,47.7,1024.8
20181110104527,23.3,48.0,1024.7
20181110104530,23.4,48.1,1024.8
20181110104533,23.4,48.3,1024.7
20181110104537,23.4,48.2,1024.7
20181110104540,23.5,48.2,1024.7
20181110104543,23.5,48.3,1024.8
20181110104546,23.5,47.9,1024.8
20181110104549,23.5,47.6,1024.7
20181110104552,23.6,47.5,1024.7
20181110104555,23.6,47.4,1024.9
20181110104558,23.5,47.1,1024.8
20181110104601,23.5,47.0,1024.8
20181110104605,23.4,46.9,1024.8
20181110104608,23.4,47.0,1024.7
20181110104611,23.5,47.0,1024.7
20181110104614,23.5,47.2,1024.7
20181110104617,23.5,47.7,1024.7
20181110104620,23.5,47.8,1024.8
20181110104623,23.4,48.0,1024.8
20181110104626,23.4,48.1,1024.8
20181110104629,23.3,47.9,1024.8
20181110104633,23.2,48.1,1024.9
20181110104636,23.1,48.3,1024.8
20181110104639,23.0,49.1,1024.9
20181110104642,22.9,50.1,1024.8
20181110104645,22.9,50.4,1024.9
20181110104648,22.7,50.7,1024.9
20181110104651,22.5,50.7,1024.9
20181110104654,22.3,51.2,1024.9
20181110104657,22.2,51.4,1024.9
20181110104701,22.1,52.1,1024.8
20181110104704,22.1,52.0,1024.8
20181110104707,22.1,52.1,1024.8
20181110104710,22.2,51.1,1024.7
20181110104713,22.2,50.5,1024.7
20181110104716,22.4,50.5,1024.7
20181110104719,22.5,50.1,1024.7
20181110104722,22.5,49.8,1024.8
20181110104725,22.5,49.7,1024.7
20181110104729,22.5,50.7,1024.8
20181110104732,22.4,50.3,1024.7
20181110104735,22.4,49.4,1024.9
20181110104738,22.4,49.6,1024.7
20181110104741,22.4,49.8,1024.8
20181110104744,22.3,49.9,1024.8
20181110104747,22.3,50.4,1024.9
20181110104750,22.1,50.8,1024.9
20181110104753,22.0,51.0,1024.8
20181110104757,22.0,51.0,1024.8
20181110104800,22.0,50.7,1024.8
20181110104803,22.0,50.9,1024.8
20181110104806,22.0,51.4,1024.8
20181110104809,22.0,51.7,1024.7
20181110104812,22.1,52.3,1024.7
20181110104815,22.2,53.6,1024.5
20181110104818,22.4,51.7,1024.6
20181110104821,22.5,49.8,1024.7
20181110104825,22.6,49.2,1024.8
20181110104828,22.7,49.8,1025.5
20181110104831,22.9,48.9,1026.2
                                                                                                                                                                                                20181110114258,22.5,49.0,1022.3
20181110114301,22.6,48.7,1022.3
20181110114304,22.6,48.8,1022.2
20181110114308,22.6,48.7,1022.3
20181110114311,22.7,48.6,1022.2
20181110114314,22.7,48.6,1022.3
20181110114317,22.7,48.6,1022.2
20181110114320,22.8,48.5,1022.2
20181110114323,22.8,48.5,1022.2
20181110114326,22.8,48.7,1022.2
20181110114329,22.9,48.6,1022.2
20181110114332,22.9,48.7,1022.2
20181110114336,22.9,49.4,1022.2
20181110114339,23.0,49.2,1022.2
20181110114342,23.0,48.9,1022.2
20181110114345,23.0,48.5,1022.2
20181110114348,23.0,48.2,1022.3
20181110114351,23.1,48.2,1022.2
20181110114354,23.1,48.0,1022.2
20181110114357,23.1,47.8,1022.1
20181110114400,23.2,47.5,1022.2
20181110114404,23.2,47.4,1022.1
20181110114407,23.3,47.7,1022.2
20181110114410,23.3,47.5,1022.1
20181110114413,23.3,47.3,1022.2
20181110114416,23.4,47.2,1022.1
20181110114419,23.4,47.2,1022.2
20181110114422,23.5,47.0,1022.2
20181110114425,23.5,46.8,1022.2
20181110114429,23.5,46.4,1022.2
20181110115632,27.0,37.8,1022.0
20181110115636,27.0,37.8,1021.9
20181110115639,27.0,37.7,1022.0
20181110115642,27.0,37.6,1022.0
20181110115645,27.0,37.6,1022.0
20181110115648,27.0,37.6,1021.9
20181110115651,27.0,37.7,1021.9
20181110115654,27.0,37.7,1022.0
20181110115658,27.0,37.8,1022.0
20181110115701,27.0,37.6,1021.9
20181110115704,27.0,37.5,1022.0
20181110115707,26.9,37.5,1021.9
20181110115710,26.9,37.5,1022.0
20181110115713,26.9,37.5,1021.9
20181110115716,27.0,48.3,1021.6
20181110115719,27.2,42.9,1022.1
20181110115723,27.1,40.2,1021.9
20181110115726,27.1,38.5,1021.9
20181110115729,27.0,38.0,1021.9
20181110115732,27.0,38.2,1021.9
20181110115735,26.8,37.9,1022.2
20181110115738,26.5,43.3,1022.1
20181110115741,26.4,37.8,1021.7
20181110115744,26.1,38.4,1022.3
20181110115747,25.7,39.3,1022.2
20181110115751,25.3,39.5,1022.1
20181110115754,25.0,40.1,1022.0
20181110115757,24.9,40.8,1021.9
20181110115800,24.9,41.0,1021.8
20181110115803,25.0,41.0,1021.8
20181110115806,25.1,40.7,1021.9
20181110115809,25.2,40.5,1021.8
20181110115812,25.3,40.3,1021.8
20181110115815,25.4,40.1,1021.8
20181110115819,25.5,39.9,1021.9
20181110115822,25.6,40.0,1021.9
20181110115825,25.7,40.2,1022.0
20181110115828,25.5,40.6,1022.0
20181110115831,25.3,40.8,1021.9
20181110115834,25.3,41.0,1021.9
20181110115837,25.3,40.9,1022.0
20181110115840,25.4,40.9,1022.4
20181110115843,25.5,40.8,1022.8
20181110115847,25.5,40.7,1023.2
20181110115850,25.6,40.6,1023.5
20181110115853,25.7,40.4,1023.9
20181110115856,25.8,40.3,1024.2
20181110115859,25.8,40.3,1024.2
20181110115902,25.6,40.5,1024.7
20181110115905,25.0,41.2,1024.7
20181110115908,24.3,42.5,1024.6
20181110115911,23.7,43.9,1024.6
20181110115914,23.2,44.9,1024.4
20181110115918,22.9,46.0,1024.5
20181110115921,22.6,46.4,1024.6
20181110115924,22.1,47.5,1024.6
20181110115927,21.8,48.5,1024.6
20181110115930,21.4,49.2,1024.6
20181110115933,21.1,50.0,1024.5
20181110115936,20.9,50.7,1024.5
20181110115939,20.8,51.2,1024.3
20181110115942,20.9,51.1,1024.3
20181110115946,20.8,51.1,1024.3
20181110115949,20.8,51.4,1024.1
20181110115952,21.0,52.7,1024.4
20181110115955,21.1,57.7,1023.8
20181110115958,21.6,58.6,1024.2
20181110120001,21.8,52.8,1024.0
20181110120004,22.1,53.3,1024.0
20181110120007,22.3,49.9,1024.2
20181110120010,22.4,47.5,1024.3
20181110120014,22.4,47.0,1024.4
20181110120017,22.4,46.9,1023.8
20181110120020,22.3,46.9,1024.4
20181110120023,22.1,47.2,1024.4
20181110120026,22.0,47.5,1024.4
20181110120029,21.9,47.8,1024.4
20181110120032,21.8,47.8,1024.5
20181110120035,21.6,48.0,1024.4
20181110120038,21.6,48.2,1024.3
20181110120042,21.7,48.4,1024.3
20181110120045,21.8,48.2,1024.3
20181110120048,21.8,48.0,1024.5
20181110120051,21.6,48.3,1024.7
20181110120054,21.4,48.8,1024.6
20181110120057,21.3,49.1,1024.6
20181110120100,21.1,49.4,1024.7
20181110120103,20.8,49.8,1024.5
20181110120106,20.8,50.1,1024.2
20181110120110,21.0,50.3,1024.4
20181110120113,20.9,50.4,1024.6
20181110120116,20.9,50.9,1024.5
20181110120119,20.9,51.4,1024.5
20181110120122,20.9,51.3,1024.4
20181110120125,21.0,51.3,1024.5
20181110120128,21.0,50.8,1024.5
20181110120131,21.0,50.5,1024.4
20181110120134,21.1,50.2,1024.3
20181110120138,21.3,50.1,1024.4
20181110120141,21.4,50.3,1024.4
20181110120144,21.5,50.1,1024.4
20181110120147,21.5,50.3,1024.5
20181110120150,21.4,50.6,1024.6
20181110120153,21.2,51.0,1024.6
20181110120156,21.1,51.3,1024.5
20181110120159,21.0,51.4,1024.6
20181110120202,20.9,51.7,1024.5
20181110120206,20.8,52.1,1024.5
20181110120209,20.8,52.2,1024.5
20181110120212,20.8,51.7,1024.4
20181110120215,20.9,51.4,1024.4
20181110120218,21.0,51.2,1024.4
20181110120221,21.1,51.3,1024.4
20181110120224,21.1,51.6,1024.4
20181110120227,21.1,51.6,1024.5
20181110120230,21.0,51.4,1024.6
20181110120234,20.9,51.5,1024.6
20181110120237,20.8,51.4,1024.6
20181110120240,20.6,52.0,1024.6
20181110120243,20.5,52.2,1024.6
20181110120246,20.4,52.3,1024.5
20181110120249,20.4,52.7,1024.4
20181110120252,20.5,52.5,1024.3
20181110120255,20.7,52.3,1024.3
20181110120258,20.8,52.1,1024.4
20181110120302,20.9,51.9,1024.3
20181110120305,21.0,51.5,1024.4
20181110120308,21.1,51.2,1024.4
20181110120311,21.2,51.2,1024.4
20181110120314,21.3,51.2,1024.3
20181110120317,21.4,51.0,1024.4
20181110120320,21.5,50.7,1024.5
20181110120323,21.5,50.4,1024.4
20181110120326,21.6,50.3,1024.4
20181110120330,21.6,50.2,1024.4
20181110120333,21.7,50.3,1024.4
20181110120336,21.7,50.6,1024.4
20181110120339,21.7,50.5,1024.5
20181110120342,21.7,50.3,1024.5
20181110120345,21.7,50.0,1024.4
20181110120348,21.8,49.9,1024.5
20181110120351,21.8,50.1,1024.5
20181110120354,21.8,50.3,1024.4
20181110120358,21.8,50.1,1024.4
20181110120401,21.8,50.3,1024.5
20181110120404,21.7,50.3,1024.5
20181110120407,21.7,49.8,1024.4
20181110120410,21.7,49.6,1024.4
20181110120413,21.7,49.9,1024.5
20181110120416,21.6,49.8,1024.5
20181110120419,21.6,49.6,1024.5
20181110120422,21.6,49.5,1024.5
20181110120426,21.6,49.5,1024.5
20181110120429,21.6,49.6,1024.5
20181110120432,21.5,49.5,1024.4
20181110120435,21.5,49.4,1024.5
20181110120438,21.5,49.1,1024.4
20181110120441,21.5,49.1,1024.6
20181110120444,21.2,49.3,1024.6
20181110120447,21.1,49.8,1024.6
20181110120450,21.0,49.9,1024.5
20181110120454,20.9,50.0,1024.5
20181110120457,20.8,50.2,1024.5
20181110120500,20.8,50.3,1024.4
20181110120503,20.8,50.5,1024.5
20181110120506,20.8,50.8,1024.4
20181110120509,20.9,51.2,1024.5
20181110120512,20.9,51.5,1024.4
20181110120515,21.0,51.5,1024.4
20181110120518,21.0,51.6,1024.4
20181110120522,21.1,51.2,1024.5
20181110120525,21.0,50.5,1024.4
20181110120528,21.0,50.2,1024.5
20181110120531,21.1,50.0,1024.3
20181110120534,21.1,50.4,1024.5
20181110120537,21.2,51.2,1024.5
20181110120540,21.2,51.2,1024.5
20181110120543,21.2,50.7,1024.5
20181110120546,21.2,50.9,1024.5
20181110120549,21.1,50.4,1024.4
20181110121055,23.8,45.5,1021.9
20181110121058,23.8,45.6,1021.9
20181110121101,23.7,45.6,1021.9
20181110121104,23.7,45.8,1021.9
20181110121107,23.7,45.9,1021.9
20181110121111,23.7,46.0,1021.9
20181110121114,23.7,46.1,1021.9
20181110121117,23.7,46.1,1021.8
20181110135639,27.9,34.9,1020.3
20181110135642,27.9,35.0,1020.4
20181110135645,27.9,35.0,1020.3
20181110135648,27.9,35.0,1020.3
20181110135652,27.9,35.0,1020.3
20181110135655,27.9,35.0,1020.3
20181110135658,27.9,35.1,1020.3
20181110135701,27.9,37.4,1020.3
20181110135704,27.8,36.9,1020.3
20181110135707,27.9,36.2,1020.3
20181110135710,27.9,36.9,1020.4
20181110135713,27.8,35.6,1020.6
20181110135716,27.5,47.1,1020.5
20181110135720,27.3,41.4,1021.0
20181110135723,26.7,45.3,1020.7
20181110135726,26.3,41.3,1020.5
20181110135729,26.0,36.1,1020.5
20181110135732,25.6,37.0,1020.6
20181110135735,25.4,37.9,1020.2
20181110135738,25.5,44.8,1020.1
20181110135741,25.7,46.7,1020.2
20181110135745,25.9,48.1,1020.1
20181110135748,26.1,47.8,1020.1
20181110135751,26.3,43.9,1020.2
20181110135754,26.3,43.8,1020.2
20181110135757,26.5,46.4,1020.2
20181110135800,26.6,43.9,1020.1
20181110135803,26.6,43.2,1020.1
20181110135806,26.6,43.2,1020.2
20181110135809,26.8,50.3,1020.1
20181110135813,27.0,47.9,1020.2
20181110135816,27.0,46.7,1020.3
20181110135819,27.1,44.8,1020.9
20181110135822,27.1,41.6,1021.2
20181110135825,27.2,45.3,1021.5
20181110135828,27.3,46.0,1021.9
20181110135831,27.4,46.8,1022.3
20181110135834,27.4,41.9,1022.5
20181110135837,27.5,40.4,1022.6
20181110135841,27.4,38.4,1022.6
20181110135844,27.2,37.9,1022.8
20181110135847,27.1,38.2,1022.7
20181110135850,26.9,38.5,1022.7
20181110135853,26.8,39.0,1022.7
20181110135856,26.5,38.9,1022.7
20181110135859,26.3,38.8,1022.7
20181110135902,26.2,39.1,1022.7
20181110135905,26.1,38.6,1022.8
20181110135909,25.8,38.9,1022.6
20181110135912,25.8,39.0,1022.6
20181110135915,25.8,38.8,1022.6
20181110135918,25.6,38.2,1022.7
20181110135921,25.4,38.3,1022.6
20181110135924,25.4,38.8,1022.5
20181110135927,25.4,38.9,1022.7
20181110135930,25.3,39.1,1022.7
20181110135933,25.3,40.0,1022.3
20181110135937,25.2,39.4,1022.7
20181110135940,25.1,39.3,1022.5
20181110135943,25.3,39.7,1022.6
20181110135946,25.3,40.8,1022.4
20181110135949,25.3,39.5,1022.7
20181110135952,25.2,43.3,1022.7
20181110135955,25.2,40.1,1022.9
20181110135958,25.1,46.2,1022.3
20181110140001,25.3,52.1,1022.3
20181110140005,25.5,47.0,1022.2
20181110140008,25.5,39.2,1022.7
20181110140011,25.3,38.9,1022.7
20181110140014,25.2,39.1,1022.8
20181110140017,24.9,39.4,1022.7
20181110140020,24.9,39.8,1022.6
20181110140023,24.8,40.2,1022.7
20181110140026,24.8,40.8,1022.7
20181110140029,24.9,41.2,1022.7
20181110140032,24.8,41.0,1022.8
20181110140036,24.7,41.3,1022.7
20181110140039,24.6,41.2,1022.5
20181110140042,24.7,41.7,1022.7
20181110140045,24.8,42.7,1022.7
20181110140048,24.8,43.6,1022.7
20181110140051,24.9,43.7,1022.7
20181110140054,24.9,43.2,1022.8
20181110140057,24.9,43.3,1022.8
20181110140100,24.9,43.3,1022.8
20181110140104,24.8,42.3,1022.9
20181110140107,24.6,42.7,1023.0
20181110140110,24.3,42.9,1022.8
20181110140113,24.2,43.0,1022.8
20181110140116,24.1,43.0,1022.9
20181110140119,24.0,43.4,1022.9
20181110140122,23.8,44.3,1022.9
20181110140125,23.6,45.1,1022.9
20181110140128,23.5,45.4,1022.8
20181110140132,23.4,44.6,1022.8
20181110140135,23.3,45.0,1022.8
20181110140138,23.2,45.1,1022.9
20181110140141,23.1,45.5,1022.8
20181110140144,23.0,45.6,1022.8
20181110140147,23.0,45.7,1022.8
20181110140150,23.0,45.8,1022.8
20181110140153,22.9,46.1,1022.8
20181110140156,22.9,45.7,1022.8
20181110140200,22.9,45.9,1022.8
20181110140203,22.9,46.1,1022.8
20181110140206,23.0,45.6,1022.8
20181110140209,23.0,45.6,1022.8
20181110140212,22.9,45.5,1022.8
20181110140215,22.9,46.0,1022.7
20181110140218,22.9,45.8,1022.8
20181110140221,22.9,45.7,1022.9
20181110140225,22.8,45.6,1022.8
20181110140228,22.8,45.7,1022.7
20181110140231,22.8,45.2,1022.8
20181110140234,22.9,44.9,1022.8
20181110140237,22.8,45.4,1022.9
20181110140240,22.7,45.6,1022.9
20181110140243,22.5,46.4,1022.9
20181110140246,22.4,46.6,1022.8
20181110140249,22.3,47.6,1022.8
20181110140252,22.3,48.6,1022.8
20181110140256,22.3,49.2,1022.7
20181110140259,22.3,49.3,1022.6
20181110140302,22.4,49.0,1022.6
20181110140305,22.5,48.0,1022.6
20181110140308,22.6,46.8,1022.7
20181110140311,22.6,46.7,1022.8
20181110140314,22.5,47.2,1022.7
20181110140317,22.5,46.7,1022.8
20181110140320,22.4,47.0,1022.8
20181110140324,22.4,47.0,1022.9
20181110140327,22.3,47.3,1022.9
20181110140330,22.2,47.2,1023.0
20181110140333,22.0,47.2,1022.8
20181110140336,22.0,46.8,1022.7
20181110140339,22.1,46.8,1022.8
20181110140342,22.0,46.9,1023.0
20181110140345,21.9,47.3,1023.0
20181110140348,21.7,47.6,1023.0
20181110140352,21.5,48.0,1023.0
20181110140355,21.4,48.4,1022.9
20181110140358,21.3,48.9,1022.9
20181110140401,21.1,49.0,1022.9
20181110140404,21.1,49.6,1022.9
20181110140407,21.1,50.0,1022.8
20181110140410,21.1,49.9,1022.8
20181110140413,21.1,49.1,1022.8
20181110140417,21.2,48.6,1022.7
20181110140420,21.3,48.5,1022.6
20181110140423,21.4,48.6,1022.8
20181110140426,21.4,48.8,1022.8
20181110140429,21.3,48.9,1022.8
20181110140432,21.3,48.9,1022.9
20181110140435,21.3,49.1,1022.8
20181110140438,21.2,49.5,1022.8
20181110140441,21.2,49.8,1022.8
20181110140444,21.1,50.0,1022.8
                                                                                                                                                                                                                                20181110141340,22.0,48.1,1020.2
20181110141343,22.1,48.0,1020.2
20181110141346,22.1,47.9,1020.2
20181110141349,22.1,47.8,1020.1
20181110141352,22.1,47.7,1020.1
20181110141355,22.2,47.7,1020.2
20181110141358,22.2,47.6,1020.1
20181110141402,22.2,47.6,1020.1
20181110141405,22.3,47.6,1020.2
20181110141408,22.3,47.5,1020.2
20181110141411,22.3,47.5,1020.2
20181110141414,22.4,47.3,1020.2
20181110141417,22.4,47.2,1020.2
20181110141420,22.4,47.0,1020.2
20181110141344,21.5,58.2,1020.5
20181110141347,21.5,58.2,1020.5
20181110141351,21.6,58.1,1020.4
20181110200241,21.6,58.0,1020.5
20181110200244,21.6,58.1,1020.4
20181110200247,21.7,57.9,1020.4
20181110200250,21.7,57.8,1020.4
20181110200254,21.7,57.6,1020.4
20181110200257,21.8,57.2,1020.4
20181110200300,21.8,56.8,1020.4
20181110200303,21.8,56.7,1020.4
20181110200306,21.9,56.5,1020.4
20181110200309,21.9,56.3,1020.4
20181110200312,21.9,56.2,1020.4
20181110200315,22.0,56.5,1020.4
20181110200319,22.0,56.6,1020.4
20181110200322,22.1,57.1,1020.3
20181110200325,22.1,56.3,1020.6
20181110200328,21.9,56.3,1020.4
20181110200331,21.9,56.3,1020.5
20181110200334,21.8,56.4,1020.5
20181110200337,21.7,56.5,1020.6
20181110200340,21.6,56.7,1020.5
20181110200343,21.5,56.9,1020.4
20181110200347,21.5,57.3,1020.3
20181110200350,21.5,57.3,1020.4
20181110200353,21.5,57.2,1020.4
20181110200356,21.5,57.0,1020.4
20181110200359,21.6,56.9,1020.5
20181110200402,21.6,56.7,1020.4
20181110200405,21.6,56.5,1020.4
20181110200408,21.7,56.4,1020.4
20181110200412,21.7,56.3,1020.4
20181110200415,21.7,56.2,1020.4
20181110200418,21.7,56.4,1020.4
20181110200421,21.8,56.6,1020.4
20181110200424,21.8,56.6,1020.4
20181110200427,21.8,56.4,1020.3
20181110200430,21.9,56.2,1020.4
20181110200433,21.9,56.1,1020.7
20181110200436,22.0,56.0,1021.1
20181110200440,22.0,55.8,1021.4
20181110200443,22.1,55.7,1021.8
20181110200446,22.1,55.6,1022.2
20181110200449,22.2,55.5,1022.5
20181110200452,22.2,55.6,1022.7
20181110200455,22.2,55.5,1022.7
20181110200458,22.1,55.9,1023.1
20181110200501,21.7,57.0,1023.1
20181110200504,21.2,58.1,1023.1
20181110200508,20.9,59.2,1023.1
20181110200511,20.6,60.1,1023.0
20181110200514,20.3,60.9,1023.0
20181110200517,20.1,61.7,1022.9
20181110200520,19.9,62.5,1023.0
20181110200523,19.7,63.2,1022.9
20181110200526,19.5,63.9,1023.0
20181110200529,19.3,64.6,1023.0
20181110200533,19.1,65.5,1023.0
20181110200536,18.9,66.2,1023.0
20181110200539,18.8,66.9,1022.9
20181110200542,18.6,67.6,1022.9
20181110200545,18.5,68.3,1023.1
20181110200548,18.3,69.0,1023.0
20181110200551,18.1,69.6,1023.0
20181110200554,18.0,70.2,1023.0
20181110200557,17.7,71.1,1023.1
20181110200601,17.4,71.9,1023.2
20181110200604,17.2,72.8,1023.2
20181110200607,17.1,73.7,1023.2
20181110200610,16.9,74.4,1023.2
20181110200613,16.8,75.0,1023.1
20181110200616,16.7,75.4,1023.2
20181110200619,16.6,75.9,1023.1
20181110200622,16.5,76.2,1023.1
20181110200626,16.5,76.5,1023.0
20181110200629,16.4,76.7,1023.0
20181110200632,16.4,76.9,1023.1
20181110200635,16.4,77.2,1023.1
20181110200638,16.3,77.4,1023.1
20181110200641,16.3,77.7,1023.1
20181110200644,16.2,78.0,1023.1
20181110200647,16.2,78.2,1023.1
20181110200650,16.2,78.3,1023.1
20181110200654,16.2,78.5,1023.1
20181110200657,16.2,78.7,1023.0
20181110200700,16.1,78.8,1023.2
20181110200703,16.1,78.9,1023.1
20181110200706,16.1,79.0,1023.1
20181110200709,16.1,79.1,1023.1
20181110200712,16.1,79.2,1023.1
20181110200715,16.1,79.2,1023.0
20181110200718,16.2,79.0,1023.0
20181110200722,16.3,78.8,1023.0
20181110200725,16.4,78.6,1023.0
20181110200728,16.4,78.4,1023.1
20181110200731,16.4,78.4,1023.0
20181110200734,16.5,78.3,1023.0
20181110200737,16.6,78.4,1023.0
20181110200740,16.8,78.2,1023.0
20181110200743,16.9,77.9,1023.0
20181110200747,17.0,77.8,1023.0
20181110200750,17.1,77.5,1023.0
20181110200753,17.2,77.1,1023.0
20181110200756,17.3,76.6,1023.0
20181110200759,17.3,76.5,1023.0
20181110200802,17.4,76.6,1023.0
20181110200805,17.4,76.4,1023.0
20181110200808,17.5,76.2,1023.0
20181110200811,17.6,75.9,1023.0
20181110200815,17.6,75.8,1023.0
20181110200818,17.7,75.6,1023.0
20181110200821,17.8,75.4,1023.0
20181110200824,17.9,75.1,1023.0
20181110200827,17.9,74.8,1023.0
20181110200830,18.0,74.5,1023.0
20181110200833,18.0,74.0,1023.0
20181110200836,18.1,73.3,1023.0
20181110200840,18.1,73.0,1023.0
20181110200843,18.2,72.7,1023.0
20181110200846,18.2,72.6,1023.0
20181110200849,18.3,72.7,1022.9
20181110200852,18.3,72.5,1023.0
20181110200855,18.4,72.5,1023.0
20181110200858,18.4,72.3,1023.0
20181110200901,18.4,72.2,1023.0
20181110200904,18.5,72.0,1023.0
20181110200908,18.5,71.9,1023.0
20181110200911,18.4,71.6,1023.1
20181110200914,18.4,71.6,1023.0
20181110200917,18.3,72.0,1023.0
20181110200920,18.3,72.7,1023.0
20181110200923,18.2,73.1,1023.1
20181110200926,18.2,73.1,1023.0
20181110200929,18.2,73.1,1023.0
20181110200933,18.2,73.2,1023.0
20181110200936,18.1,73.3,1023.1
20181110200939,18.1,73.3,1023.1
20181110200942,18.1,73.5,1023.1
20181110200945,18.0,73.8,1023.1
20181110200948,17.9,73.9,1023.1
20181110200951,17.9,73.9,1023.0
20181110200954,17.9,74.1,1023.1
20181110200957,17.9,74.0,1023.0
20181110201001,18.0,73.9,1023.0
20181110201004,18.0,73.8,1023.0
20181110201007,18.1,73.7,1023.0
20181110201010,18.2,73.4,1022.9
20181110201013,18.3,73.0,1022.9
20181110201016,18.3,72.7,1023.0
20181110201019,18.3,72.6,1022.9
20181110201022,18.4,72.6,1023.0
20181110201026,18.3,72.8,1023.0
20181110201029,18.3,73.1,1023.1
20181110201032,18.3,73.2,1023.0
20181110201035,18.3,72.7,1023.0
20181110201038,18.3,72.4,1023.0
20181110201041,18.3,72.0,1022.9
20181110201044,18.3,71.9,1023.0
20181110201047,18.3,71.7,1023.0
20181110201050,18.4,71.7,1023.0
20181110201054,18.4,71.8,1022.9
20181110201057,18.5,71.5,1022.9
20181110201100,18.5,71.3,1023.0
20181110201103,18.6,71.3,1023.0
20181110201106,18.6,71.2,1022.9
20181110201109,18.7,71.1,1022.9
20181110201112,18.7,70.9,1022.9
20181110201115,18.8,70.8,1022.9
20181110201119,18.8,70.6,1022.9
20181110201122,18.9,70.4,1022.9
20181110201125,18.9,70.3,1022.9
20181110201128,19.0,70.2,1022.9
20181110201131,19.1,70.0,1022.9
20181110201134,19.1,69.9,1022.9
20181110201137,19.2,69.4,1022.9
20181110201140,19.2,69.0,1022.9
20181110201143,19.2,69.0,1023.0
20181110201147,19.2,69.0,1022.8
20181110201150,19.3,68.9,1022.9
20181110201153,19.4,68.9,1022.9
20181110201156,19.4,68.8,1022.9
20181110201159,19.5,68.6,1022.9
20181110201202,19.5,68.1,1022.9
20181110201205,19.6,68.0,1022.9
20181110201208,19.6,67.9,1022.9
20181110201212,19.7,67.8,1022.9
20181110201215,19.7,67.7,1022.9
20181110201218,19.8,67.5,1022.9
20181110201221,19.8,67.4,1022.9
20181110201224,19.8,67.2,1023.0
20181110201227,19.8,66.9,1022.9
20181110201230,19.7,66.8,1023.0
20181110201233,19.7,67.0,1023.0
20181110201236,19.7,67.2,1022.9
20181110201240,19.6,67.6,1023.0
20181110201243,19.5,67.8,1023.0
20181110201246,19.4,67.9,1023.1
20181110201249,19.3,68.2,1023.0
20181110201252,19.3,68.5,1023.0
20181110201255,19.2,68.7,1023.0
20181110201258,19.2,69.0,1023.0
20181110201301,19.1,69.2,1023.0
20181110201305,19.1,69.4,1023.0
20181110201308,19.1,69.4,1023.0
20181110201311,19.1,69.3,1023.0
20181110201314,19.1,69.3,1023.0
20181110201317,19.1,69.1,1023.0
20181110201320,19.2,69.0,1023.0
20181110201323,19.2,68.9,1022.9
20181110201326,19.2,68.6,1022.9
20181110201329,19.3,68.3,1022.9
20181110201333,19.3,68.4,1022.9
20181110201336,19.4,68.4,1022.9
20181110201339,19.4,68.4,1022.9
20181110201342,19.5,68.4,1022.9
20181110201345,19.6,68.2,1022.9
20181110201348,19.7,67.9,1022.9
20181110201351,19.8,67.4,1022.9
20181110201354,19.9,67.2,1022.9
20181110201358,19.9,66.9,1022.9
20181110201401,20.0,66.6,1022.9
20181110201404,20.0,66.4,1022.9
20181110201407,20.1,66.0,1022.9
20181110201410,20.1,66.0,1022.9
20181110201413,20.2,66.0,1022.8
20181110201416,20.2,65.8,1022.9
20181110201419,20.2,65.7,1022.9
20181110201422,20.1,65.6,1023.0
20181110201426,20.1,65.5,1023.0
20181110201429,20.0,65.5,1023.0
20181110201432,20.0,65.6,1023.0
20181110201435,20.0,65.8,1022.9
20181110201438,19.9,66.1,1022.9
20181110201441,19.9,66.3,1022.9
20181110201444,20.0,66.3,1022.9
20181110201447,20.1,66.2,1022.9
20181110201451,20.1,66.1,1022.9
20181110201454,20.2,66.0,1022.9
20181110201457,20.2,65.5,1022.9
20181110201500,20.2,65.1,1023.0
20181110201503,20.2,64.9,1022.9
20181110201506,20.2,64.7,1022.9
20181110201509,20.2,64.7,1022.9
20181110201512,20.2,64.8,1023.0
20181110201516,20.2,65.0,1023.0
20181110201519,20.2,65.1,1022.9
20181110201522,20.1,65.4,1022.9
20181110201525,20.1,65.7,1022.9
20181110201528,20.1,65.8,1022.9
20181110201531,20.0,66.1,1022.9
20181110201534,20.0,66.4,1022.9
20181110201537,19.9,66.8,1023.0
20181110201540,19.8,67.1,1023.0
20181110201544,19.8,67.1,1023.0
20181110201547,19.8,67.0,1022.9
20181110201550,19.8,67.0,1023.0
20181110201553,19.8,67.0,1023.0
20181110201556,19.7,67.0,1022.9
20181110201559,19.7,66.9,1022.9
20181110201602,19.7,67.2,1022.9
20181110201605,19.7,67.5,1023.0
20181110201608,19.6,67.3,1023.0
20181110201612,19.6,67.1,1022.9
20181110201615,19.6,67.2,1022.9
20181110201618,19.6,67.4,1022.9
20181110201621,19.6,67.7,1022.9
20181110201624,19.7,68.0,1022.9
20181110201627,19.7,67.7,1022.9
20181110201630,19.8,67.3,1022.9
20181110201633,19.7,67.1,1022.9
20181110201637,19.7,66.9,1022.9
20181110201640,19.7,66.7,1022.9
20181110201643,19.7,66.5,1022.9
20181110201646,19.7,66.4,1022.8
20181110201649,19.7,66.4,1022.9
20181110201652,19.8,66.2,1022.8
20181110201655,19.9,65.9,1022.8
20181110201658,20.0,65.7,1022.8
20181110201702,20.1,65.6,1022.8
20181110201705,20.2,65.3,1022.8
20181110201708,20.3,65.2,1022.8
20181110201711,20.4,65.1,1022.8
20181110201714,20.5,65.0,1022.8
20181110201717,20.6,64.8,1022.7
20181110201720,20.7,64.7,1022.8
20181110201723,20.7,64.4,1022.8
20181110201727,20.8,64.0,1022.8
20181110201730,20.8,63.8,1022.9
20181110201733,20.8,63.7,1022.8
20181110201736,20.8,63.6,1022.8
20181110201739,20.8,63.4,1022.8
20181110201742,20.8,63.0,1022.8
20181110201745,20.8,62.8,1022.8
20181110201748,20.9,62.9,1022.8
20181110201751,21.0,63.1,1022.8
20181110201755,21.0,63.1,1022.8
20181110201758,21.0,63.0,1022.9
20181110201801,20.9,63.2,1022.8
20181110201804,20.9,63.3,1022.8
20181110201807,20.9,63.4,1022.8
20181110201810,21.0,63.5,1022.8
20181110201813,21.0,63.3,1022.8
20181110201816,21.0,63.1,1022.8
20181110201820,21.0,63.0,1022.8
20181110201823,21.0,62.7,1022.8
20181110201826,21.0,62.4,1022.8
20181110201829,21.0,62.4,1022.9
20181110201832,21.0,62.5,1022.8
20181110201835,20.9,63.0,1022.9
20181110201838,20.8,63.2,1022.8
20181110201841,20.7,63.7,1022.9
20181110201844,20.6,64.1,1022.9
20181110201848,20.5,64.1,1022.9
20181110201851,20.4,64.1,1022.9
20181110201854,20.4,64.3,1022.8
20181110201857,20.4,64.4,1022.8
20181110201900,20.4,64.3,1022.7
20181110201903,20.5,64.2,1022.7
20181110201906,20.6,64.1,1022.8
20181110201909,20.6,63.8,1022.8
20181110201912,20.7,63.5,1022.8
20181110201916,20.7,63.4,1022.8
20181110201919,20.8,63.4,1022.7
20181110201922,20.8,63.2,1022.8
20181110201925,20.9,63.0,1022.8
20181110201928,20.9,62.7,1022.8
20181110201931,21.0,62.5,1022.7
20181110201934,21.0,62.3,1022.8
20181110201937,21.1,62.3,1022.7
20181110201941,21.2,62.3,1022.8
20181110201944,21.2,62.1,1022.7
20181110201947,21.3,61.6,1022.8
20181110201950,21.2,61.3,1022.8
20181110201953,21.1,61.4,1022.8
20181110201956,21.0,61.6,1022.9
20181110201959,21.0,61.7,1022.8
20181110202002,21.0,61.8,1022.7
20181110202005,21.1,61.8,1022.7
20181110202009,21.2,61.7,1022.7
20181110202012,21.3,61.8,1022.8
20181110202015,21.3,61.7,1022.7
20181110202018,21.4,61.5,1022.8
20181110202021,21.4,61.3,1022.7
20181110202024,21.5,61.2,1022.8
20181110202027,21.5,61.0,1022.7
20181110202030,21.5,61.0,1022.8
20181110202034,21.6,60.8,1022.7
20181110202037,21.6,60.8,1022.7
20181110202040,21.6,60.7,1022.7
20181110202043,21.7,60.6,1022.7
20181110202046,21.7,60.4,1022.7
20181110202049,21.7,60.1,1022.8
20181110202052,21.7,60.0,1022.8
20181110202055,21.8,60.0,1022.7
20181110202058,21.8,60.0,1022.7
20181110202102,21.8,60.0,1022.8
20181110202105,21.8,60.0,1022.7
20181110202108,21.8,59.9,1022.7
20181110202111,21.8,59.9,1022.7
20181110202114,21.9,59.8,1022.7
20181110202117,21.9,59.6,1022.8
20181110202120,21.9,59.5,1022.7
20181110202123,21.9,59.5,1022.8
20181110202127,21.9,59.4,1022.8
20181110202130,21.8,59.5,1022.8
20181110202133,21.8,59.3,1022.7
20181110202136,21.8,59.2,1022.7
20181110202139,21.8,59.2,1022.8
20181110202142,21.8,59.1,1022.7
20181110202145,21.8,59.2,1022.7
20181110202148,21.9,59.4,1022.7
20181110202151,21.9,59.2,1022.9
20181110202155,21.8,59.0,1022.8
20181110202158,21.7,59.1,1022.8
20181110202201,21.6,59.4,1022.8
20181110202204,21.5,59.9,1022.9
20181110202207,21.4,60.3,1022.9
20181110202210,21.2,60.8,1023.0
20181110202213,21.0,61.2,1022.9
20181110202216,20.8,61.6,1022.8
20181110202220,20.8,61.9,1022.9
20181110202223,20.8,62.1,1022.8
20181110202226,20.7,62.3,1022.9
20181110202229,20.6,62.6,1022.9
20181110202232,20.6,62.9,1022.8
20181110202235,20.6,62.9,1022.7
20181110202238,20.6,62.9,1022.7
20181110202241,20.7,63.0,1022.8
20181110202244,20.8,62.9,1022.8
20181110202248,20.8,62.7,1022.8
20181110202251,20.9,62.6,1022.8
20181110202254,20.9,62.4,1022.7
20181110202257,20.9,62.2,1022.8
20181110202300,20.9,62.0,1022.8
20181110202303,20.9,61.8,1022.8
20181110202306,20.9,61.6,1022.7
20181110202309,21.0,61.5,1022.6
20181110202313,21.1,61.3,1022.7
20181110202316,21.1,61.2,1022.7
20181110202319,21.2,61.1,1022.7
20181110202322,21.2,61.3,1022.9
20181110202325,21.2,61.0,1022.8
20181110202328,21.1,61.0,1022.8
20181110202331,21.1,61.1,1022.8
20181110202334,21.1,61.1,1022.8
20181110202337,21.1,61.1,1022.7
20181110202341,21.1,61.0,1022.7
20181110202344,21.2,60.9,1022.7
20181110202347,21.2,60.7,1022.8
20181110202350,21.2,60.6,1022.8
20181110202353,21.2,60.5,1022.7
20181110202356,21.3,60.4,1022.8
20181110202359,21.3,60.4,1022.7
20181110202402,21.3,60.4,1022.8
20181110202406,21.3,60.4,1022.7
20181110202409,21.4,60.5,1022.7
20181110202412,21.4,60.4,1022.7
20181110202415,21.4,60.4,1022.8
20181110202418,21.4,60.4,1022.8
20181110202421,21.4,60.4,1022.8
20181110202424,21.3,60.5,1022.8
20181110202427,21.3,60.7,1022.8
20181110202430,21.2,60.9,1022.8
20181110202434,21.2,60.9,1022.8
20181110202437,21.2,61.0,1022.8
20181110202440,21.2,61.2,1022.8
20181110202443,21.1,61.4,1022.8
20181110202446,21.2,61.4,1022.7
20181110202449,21.2,61.4,1022.8
20181110202452,21.2,61.6,1022.8
20181110202455,21.2,61.6,1022.7
20181110202459,21.3,61.3,1022.7
20181110202502,21.3,61.2,1022.7
20181110202505,21.4,61.2,1022.7
20181110202508,21.4,61.2,1022.7
20181110202511,21.4,60.8,1022.8
20181110202514,21.4,60.7,1022.8
20181110202517,21.4,60.6,1022.7
20181110202520,21.5,60.6,1022.7
20181110202523,21.5,60.7,1022.8
20181110202527,21.4,60.6,1022.8
20181110202530,21.4,60.5,1022.8
20181110202533,21.4,60.6,1022.8
20181110202536,21.3,60.7,1022.8
20181110202539,21.3,60.7,1022.9
20181110202542,21.2,60.9,1022.9
20181110202545,21.1,61.2,1022.8
20181110202548,21.0,61.4,1022.8
20181110202552,21.0,61.5,1022.8
20181110202555,21.0,61.6,1022.7
20181110202558,21.0,61.7,1022.8
20181110202601,21.0,62.0,1022.8
20181110202604,21.0,62.1,1022.7
20181110202607,21.0,62.2,1022.8
20181110202610,21.0,62.2,1022.7
20181110202613,21.1,61.9,1022.8
20181110202616,21.1,61.5,1022.8
20181110202620,21.1,61.3,1022.9
20181110202623,20.9,61.2,1022.7
20181110202626,20.9,61.2,1022.7
20181110202629,21.0,61.2,1022.7
20181110202632,21.0,61.4,1022.7
20181110202635,21.0,61.7,1022.8
20181110202638,20.9,62.0,1022.9
20181110202641,20.7,62.5,1023.0
20181110202644,20.4,63.0,1022.9
20181110202648,20.3,63.5,1022.9
20181110202651,20.1,64.0,1022.9
20181110202654,20.0,64.4,1022.8
20181110202657,19.9,64.7,1022.8
20181110202700,19.9,64.8,1022.8
20181110202703,19.9,65.0,1022.9
20181110202706,19.9,65.2,1022.8
20181110202709,19.9,65.1,1022.7
20181110202713,20.1,65.0,1022.7
20181110202716,20.1,64.7,1022.7
20181110202719,20.2,64.3,1022.7
20181110202722,20.3,63.9,1022.7
20181110202725,20.4,63.5,1022.7
20181110202728,20.5,63.2,1022.7
20181110202731,20.6,63.1,1022.7
20181110202734,20.7,62.7,1022.7
20181110202738,20.7,63.1,1022.7
20181110202741,20.8,64.6,1022.6
20181110202744,20.8,64.5,1022.7
20181110202747,21.0,68.1,1022.1
20181110202750,21.2,66.5,1022.5
20181110202753,21.2,65.8,1022.5
20181110202756,21.2,64.5,1022.5
20181110202759,21.3,63.4,1022.5
20181110202802,21.3,62.2,1022.6
20181110202806,21.2,61.6,1022.6
20181110202809,21.2,61.2,1022.5
20181110202812,21.3,61.0,1022.5
20181110202815,21.3,60.8,1022.5
20181110202818,21.3,60.6,1022.5
20181110202821,21.4,60.4,1022.5
20181110202824,21.4,60.3,1022.5
20181110202827,21.5,60.1,1022.5
20181110202830,21.5,60.0,1022.5
20181110202834,21.5,59.8,1022.4
20181110202837,21.6,59.7,1022.5
20181110202840,21.6,59.5,1022.5
20181110202843,21.6,59.5,1022.5
20181110202846,21.6,59.5,1022.4
20181110202849,21.6,59.5,1022.5
20181110202852,21.6,59.3,1022.5
20181110202855,21.6,59.3,1022.5
20181110202858,21.6,59.3,1022.4
20181110202902,21.7,59.3,1022.5
20181110202905,21.7,59.3,1022.5
20181110202908,21.7,59.3,1022.5
20181110202911,21.7,59.3,1022.5
20181110202914,21.7,59.3,1022.5
20181110202917,21.7,59.3,1022.7
20181110202920,21.5,59.6,1022.5
20181110202923,21.4,59.9,1022.6
20181110202926,21.4,60.1,1022.4
20181110202930,21.4,60.1,1022.5
20181110202933,21.4,60.0,1022.5
20181110202936,21.5,60.0,1022.5
20181110202939,21.5,60.0,1022.4
20181110202942,21.5,59.9,1022.4
20181110202945,21.6,59.8,1022.5
20181110202948,21.6,59.8,1022.4
20181110202951,21.6,59.7,1022.4
20181110202954,21.6,59.7,1022.5
20181110202958,21.6,59.6,1022.5
20181110203001,21.6,59.5,1022.5
20181110203004,21.6,59.5,1022.5
20181110203007,21.6,59.4,1022.5
20181110203010,21.6,59.4,1022.5
20181110203013,21.6,59.4,1022.5
20181110203016,21.6,59.5,1022.5
20181110203019,21.6,59.7,1022.5
20181110203022,21.6,59.8,1022.5
20181110203025,21.6,59.9,1022.5
20181110203029,21.6,59.9,1022.5
20181110203032,21.6,59.9,1022.5
20181110203035,21.6,59.9,1022.5
20181110203038,21.5,59.9,1022.5
20181110203041,21.5,60.0,1022.5
20181110203044,21.5,60.1,1022.5
20181110203047,21.4,60.1,1022.5
20181110203050,21.4,60.1,1022.5
20181110203054,21.5,60.1,1022.6
20181110203057,21.4,60.2,1022.5
20181110203100,21.4,60.3,1022.5
20181110203103,21.4,60.4,1022.5
20181110203106,21.4,60.5,1022.5
20181110203109,21.4,60.4,1022.5
20181110203112,21.4,60.4,1022.5
20181110203115,21.3,60.5,1022.6
20181110203118,21.2,60.6,1022.5
20181110203121,21.2,60.6,1022.5
20181110203125,21.2,60.6,1022.5
20181110203128,21.3,60.5,1022.5
20181110203131,21.3,60.4,1022.4
20181110203134,21.3,60.4,1022.5
20181110203137,21.3,60.5,1022.5
20181110203140,21.3,60.6,1022.5
20181110203143,21.3,60.7,1022.6
20181110203146,21.3,60.6,1022.5
20181110203149,21.3,60.7,1022.5
20181110203153,21.3,60.7,1022.5
20181110203156,21.3,60.6,1022.5
20181110203159,21.3,60.5,1022.5
20181110203202,21.3,60.5,1022.5
20181110203205,21.3,60.4,1022.5
20181110203208,21.3,60.4,1022.5
20181110203211,21.3,60.4,1022.5
20181110203214,21.3,60.5,1022.5
20181110203217,21.3,60.3,1022.5
20181110203221,21.2,60.5,1022.6
20181110203224,21.1,60.6,1022.6
20181110203227,21.0,60.7,1022.6
20181110203230,20.8,61.1,1022.6
20181110203233,20.7,61.5,1022.7
20181110203236,20.6,61.8,1022.5
20181110203239,20.7,61.8,1022.6
20181110203242,20.6,61.9,1022.6
20181110203245,20.5,62.1,1022.5
20181110203249,20.6,62.1,1022.5
20181110203252,20.6,62.1,1022.5
20181110203255,20.6,62.0,1022.4
20181110203258,20.6,62.1,1022.5
20181110203301,20.6,62.1,1022.5
20181110203304,20.6,62.0,1022.5
20181110203307,20.7,62.0,1022.5
20181110203310,20.7,62.0,1022.5
20181110203313,20.6,62.0,1022.5
20181110203317,20.7,62.0,1022.5
20181110203320,20.7,62.0,1022.5
20181110203323,20.6,62.0,1022.5
20181110203326,20.7,62.1,1022.5
20181110203329,20.6,62.1,1022.5
20181110203332,20.6,62.1,1022.5
20181110203335,20.6,62.2,1022.5
20181110203338,20.6,62.2,1022.5
20181110203341,20.6,62.2,1022.5
20181110203345,20.6,62.3,1022.5
20181110203348,20.6,62.4,1022.5
20181110203351,20.6,62.4,1022.5
20181110203354,20.6,62.4,1022.5
20181110203357,20.6,62.5,1022.5
20181110203400,20.6,62.6,1022.5
20181110203403,20.5,62.8,1022.5
20181110203406,20.5,63.1,1022.5
20181110203409,20.4,63.3,1022.5
20181110203413,20.3,63.4,1022.5
20181110203416,20.3,63.4,1022.5
20181110203419,20.3,63.4,1022.5
20181110203422,20.3,63.3,1022.4
20181110203425,20.3,63.2,1022.5
20181110203428,20.4,63.4,1022.5
20181110203431,20.3,63.7,1022.5
20181110203434,20.3,63.9,1022.5
20181110203437,20.2,64.0,1022.5
20181110203441,20.2,64.2,1022.5
20181110203444,20.1,64.4,1022.5
20181110203447,20.1,64.5,1022.5
20181110203450,20.0,64.6,1022.5
20181110203453,20.0,64.7,1022.5
20181110203456,20.0,64.6,1022.5
20181110203459,20.0,64.5,1022.5
20181110203502,20.0,64.4,1022.4
20181110203505,20.1,64.4,1022.4
20181110203509,20.1,64.3,1022.5
20181110203512,20.1,64.3,1022.4
20181110203515,20.1,64.2,1022.5
20181110203518,20.1,64.1,1022.4
20181110203521,20.2,64.0,1022.4
20181110203524,20.2,63.9,1022.5
20181110203527,20.2,63.8,1022.5
20181110203530,20.2,63.7,1022.5
20181110203533,20.2,63.7,1022.5
20181110203536,20.1,63.8,1022.5
20181110203540,20.1,63.9,1022.4
20181110203543,20.1,64.1,1022.5
20181110203546,20.0,64.3,1022.6
20181110203549,19.9,64.6,1022.5
20181110203552,19.9,64.7,1022.5
20181110203555,19.9,64.7,1022.5
20181110203558,19.9,64.7,1022.5
20181110203601,19.8,64.8,1022.5
20181110203604,19.8,64.8,1022.4
20181110203608,19.9,64.7,1022.4
20181110203611,19.9,64.6,1022.4
20181110203614,20.0,64.5,1022.4
20181110203617,20.0,64.4,1022.5
20181110203620,20.0,64.4,1022.4
20181110203623,20.0,64.3,1022.4
20181110203626,20.0,64.3,1022.5
20181110203629,20.1,64.2,1022.5
20181110203632,20.1,64.2,1022.4
20181110203636,20.1,64.1,1022.5
20181110203639,20.1,64.0,1022.4
20181110203642,20.1,64.0,1022.5
20181110203645,20.1,63.9,1022.4
20181110203648,20.2,63.9,1022.5
20181110203651,20.2,63.8,1022.4
20181110203654,20.2,63.8,1022.4
20181110203657,20.2,63.7,1022.4
20181110203700,20.3,63.6,1022.4
20181110203704,20.3,63.5,1022.4
20181110203707,20.3,63.4,1022.4
20181110203710,20.3,63.4,1022.5
20181110203713,20.3,63.4,1022.5
20181110203716,20.3,63.5,1022.4
20181110203719,20.3,63.5,1022.4
20181110203722,20.3,63.5,1022.4
20181110203725,20.3,63.5,1022.4
20181110203728,20.4,63.4,1022.4
20181110203732,20.4,63.4,1022.5
20181110203735,20.4,63.4,1022.5
20181110203738,20.4,63.3,1022.4
20181110203741,20.4,63.3,1022.4
20181110203744,20.4,63.4,1022.4
20181110203747,20.4,63.4,1022.4
20181110203750,20.4,63.3,1022.4
20181110203753,20.4,63.3,1022.5
20181110203756,20.4,63.3,1022.5
20181110203800,20.4,63.3,1022.4
20181110203803,20.4,63.3,1022.4
20181110203806,20.4,63.3,1022.4
20181110203809,20.5,63.3,1022.4
20181110203812,20.5,63.3,1022.4
20181110203815,20.5,63.2,1022.5
20181110203818,20.5,63.2,1022.4
20181110203821,20.4,63.2,1022.4
20181110203824,20.5,63.2,1022.4
20181110203828,20.5,63.1,1022.5
20181110203831,20.5,63.1,1022.5
20181110203834,20.4,63.1,1022.4
20181110203837,20.5,63.1,1022.5
20181110203840,20.4,63.1,1022.4
20181110203843,20.4,63.1,1022.4
20181110203846,20.5,63.0,1022.5
20181110203849,20.5,63.0,1022.4
20181110203852,20.5,62.9,1022.4
20181110203856,20.5,62.9,1022.5
20181110203859,20.5,62.9,1022.5
20181110203902,20.5,63.1,1022.5
20181110203905,20.4,63.3,1022.5
20181110203908,20.4,63.3,1022.4
20181110203911,20.4,63.4,1022.4
20181110203914,20.4,63.4,1022.4
20181110203917,20.4,63.3,1022.4
20181110203920,20.4,63.2,1022.4
20181110203923,20.5,63.1,1022.5
20181110203927,20.5,63.1,1022.4
20181110203930,20.5,63.0,1022.4
20181110203933,20.5,62.9,1022.4
20181110203936,20.5,62.9,1022.5
20181110203939,20.5,62.9,1022.4
20181110203942,20.5,62.8,1022.4
20181110203945,20.6,62.8,1022.5
20181110203948,20.6,62.8,1022.5
20181110203952,20.6,62.7,1022.4
20181110203955,20.6,62.6,1022.4
20181110203958,20.7,62.4,1022.4
20181110204001,20.7,62.4,1022.4
20181110204004,20.7,62.3,1022.4
20181110204007,20.7,62.4,1022.5
20181110204010,20.7,62.4,1022.4
20181110204013,20.7,62.4,1022.4
20181110204016,20.7,62.3,1022.5
20181110204019,20.7,62.4,1022.4
20181110204023,20.7,62.4,1022.4
20181110204026,20.7,62.4,1022.5
20181110204029,20.6,62.6,1022.5
20181110204032,20.5,62.7,1022.5
20181110204035,20.5,62.9,1022.5
20181110204038,20.5,62.9,1022.5
20181110204041,20.5,62.8,1022.4
20181110204044,20.5,62.8,1022.5
20181110204047,20.5,62.8,1022.4
20181110204051,20.6,62.7,1022.4
20181110204054,20.6,62.6,1022.4
20181110204057,20.6,62.6,1022.4
20181110204100,20.7,62.4,1022.5
20181110204103,20.7,62.3,1022.4
20181110204106,20.7,62.3,1022.4
20181110204109,20.7,62.3,1022.4
20181110204112,20.7,62.2,1022.4
20181110204115,20.7,62.4,1022.5
20181110204119,20.6,62.5,1022.4
20181110204122,20.6,62.5,1022.4
20181110204125,20.6,62.5,1022.5
20181110204128,20.6,62.5,1022.4
20181110204131,20.7,62.4,1022.4
20181110204134,20.7,62.3,1022.4
20181110204137,20.7,62.3,1022.4
20181110204140,20.7,62.2,1022.4
20181110204143,20.7,62.3,1022.5
20181110204147,20.6,62.5,1022.4
20181110204150,20.6,62.6,1022.4
20181110204153,20.6,62.5,1022.4
20181110204156,20.6,62.6,1022.4
20181110204159,20.6,62.6,1022.4
20181110204202,20.6,62.7,1022.4
20181110204205,20.6,62.7,1022.4
20181110204208,20.6,62.7,1022.4
20181110204211,20.6,62.6,1022.4
20181110204215,20.6,62.5,1022.4
20181110204218,20.6,62.4,1022.3
20181110204221,20.6,62.3,1022.3
20181110204224,20.7,62.3,1022.4
20181110204227,20.7,62.2,1022.4
20181110204230,20.7,62.2,1022.3
20181110204233,20.8,62.1,1022.4
20181110204236,20.8,62.1,1022.4
20181110204239,20.8,62.0,1022.4
20181110204243,20.8,61.9,1022.4
20181110204246,20.9,61.8,1022.4
20181110204249,20.9,61.7,1022.4
20181110204252,20.9,61.7,1022.4
20181110204255,20.9,61.7,1022.4
20181110204258,20.9,61.6,1022.4
20181110204301,20.9,61.6,1022.4
20181110204304,20.9,61.6,1022.4
20181110204307,20.9,61.5,1022.3
20181110204311,21.0,61.5,1022.3
20181110204314,21.0,61.5,1022.4
20181110204317,21.0,61.5,1022.4
20181110204320,21.0,61.4,1022.4
20181110204323,21.0,61.4,1022.3
20181110204326,21.0,61.3,1022.4
20181110204329,21.0,61.2,1022.4
20181110204332,21.0,61.3,1022.4
20181110204335,21.0,61.4,1022.4
20181110204339,21.0,61.4,1022.3
20181110204342,21.0,61.3,1022.3
20181110204345,21.0,61.3,1022.3
20181110204348,21.0,61.3,1022.3
20181110204351,21.0,61.3,1022.4
20181110204354,21.1,61.2,1022.4
20181110204357,21.1,61.2,1022.3
20181110204400,21.1,61.2,1022.3
20181110204403,21.1,61.2,1022.4
20181110204407,21.0,61.3,1022.4
20181110204410,21.0,61.3,1022.4
20181110204413,21.0,61.4,1022.3
20181110204416,21.0,61.3,1022.3
20181110204419,21.0,61.3,1022.4
20181110204422,21.0,61.3,1022.4
20181110204425,21.0,61.3,1022.4
20181110204428,21.0,61.3,1022.3
20181110204431,21.0,61.4,1022.4
20181110204435,21.0,61.4,1022.3
20181110204438,21.0,61.5,1022.4
20181110204441,21.0,61.6,1022.3
20181110204444,20.9,61.7,1022.4
20181110204447,20.8,61.9,1022.4
20181110204450,20.8,62.0,1022.4
20181110204453,20.8,62.0,1022.3
20181110204456,20.8,62.0,1022.3
20181110204459,20.8,62.1,1022.4
20181110204503,20.8,62.0,1022.3
20181110204506,20.8,61.9,1022.3
20181110204509,20.9,61.9,1022.3
20181110204512,20.9,61.8,1022.3
20181110204515,20.9,61.7,1022.4
20181110204518,20.9,61.7,1022.3
20181110204521,20.9,61.6,1022.3
20181110204524,20.9,61.6,1022.3
20181110204527,20.9,61.5,1022.4
20181110204530,20.8,61.5,1022.4
20181110204534,20.9,61.6,1022.3
20181110204537,20.8,61.6,1022.3
20181110204540,20.8,61.5,1022.3
20181110204543,20.8,61.6,1022.2
20181110204546,20.8,61.7,1022.3
20181110204549,20.8,61.8,1022.4
20181110204552,20.8,62.0,1022.4
20181110204555,20.7,62.2,1022.3
20181110204558,20.7,62.4,1022.4
20181110204602,20.6,62.7,1022.4
20181110204605,20.5,62.8,1022.3
20181110204608,20.5,63.0,1022.4
20181110204611,20.5,63.1,1022.3
20181110204614,20.5,63.1,1022.4
20181110204617,20.5,63.1,1022.3
20181110204620,20.5,63.1,1022.3
20181110204623,20.5,63.0,1022.3
20181110204626,20.5,62.9,1022.3
20181110204630,20.5,62.8,1022.3
20181110204633,20.5,62.8,1022.3
20181110204636,20.5,62.8,1022.3
20181110204639,20.5,62.8,1022.3
20181110204642,20.5,62.8,1022.3
20181110204645,20.6,62.8,1022.3
20181110204648,20.6,62.8,1022.3
20181110204651,20.6,62.7,1022.3
20181110204654,20.6,62.7,1022.3
20181110204658,20.6,62.7,1022.3
20181110204701,20.6,62.7,1022.3
20181110204704,20.6,62.7,1022.3
20181110204707,20.6,62.7,1022.3
20181110204710,20.6,62.7,1022.3
20181110204713,20.6,62.9,1022.3
20181110204716,20.5,63.0,1022.4
20181110204719,20.4,63.1,1022.4
20181110204722,20.3,63.3,1022.5
20181110204726,20.1,63.8,1022.4
20181110204729,19.9,64.3,1022.3
20181110204732,19.8,64.6,1022.3
20181110204735,19.8,64.8,1022.3
20181110204738,19.8,64.9,1022.4
20181110204741,19.9,64.9,1022.2
20181110204744,19.9,64.8,1022.2
20181110204747,19.9,64.6,1022.3
20181110204750,20.0,64.5,1022.3
20181110204754,20.1,64.3,1022.2
20181110204757,20.1,64.2,1022.2
20181110204800,20.2,64.0,1022.3
20181110204803,20.2,63.9,1022.3
20181110204806,20.3,63.8,1022.2
20181110204809,20.3,63.6,1022.3
20181110204812,20.3,63.5,1022.3
20181110204815,20.4,63.4,1022.3
20181110204818,20.4,63.4,1022.3
20181110204822,20.3,63.5,1022.4
20181110204825,20.3,63.5,1022.3
20181110204828,20.2,63.6,1022.4
20181110204831,20.2,63.9,1022.3
20181110204834,20.1,64.1,1022.3
20181110204837,20.1,64.2,1022.3
20181110204840,20.0,64.3,1022.4
20181110204843,20.0,64.3,1022.3
20181110204846,20.1,64.2,1022.2
20181110204850,20.1,64.1,1022.3
20181110204853,20.2,63.9,1022.3
20181110204856,20.2,63.9,1022.3
20181110204859,20.2,64.0,1022.3
20181110204902,20.1,64.1,1022.3
20181110204905,20.1,64.2,1022.3
20181110204908,20.1,64.3,1022.3
20181110204911,20.1,64.4,1022.3
20181110204914,20.0,64.6,1022.4
20181110204917,19.9,64.9,1022.3
20181110204921,19.9,65.1,1022.3
20181110204924,19.9,65.0,1022.3
20181110204927,19.9,65.1,1022.4
20181110204930,19.9,65.2,1022.3
20181110204933,19.9,65.2,1022.3
20181110204936,19.9,65.3,1022.4
20181110204939,19.8,65.3,1022.3
20181110204942,19.8,65.3,1022.4
20181110204945,19.8,65.4,1022.3
20181110204949,19.8,65.3,1022.3
20181110204952,19.9,65.2,1022.3
20181110204955,19.9,65.1,1022.3
20181110204958,19.9,65.1,1022.3
20181110205001,20.0,65.0,1022.3
20181110205004,20.0,64.8,1022.3
20181110205007,20.1,64.7,1022.3
20181110205010,20.1,64.5,1022.3
20181110205013,20.1,64.4,1022.3
20181110205017,20.1,64.4,1022.3
20181110205020,20.1,64.4,1022.4
20181110205023,20.1,64.5,1022.4
20181110205026,20.0,64.6,1022.3
20181110205029,20.0,65.0,1022.2
20181110205032,20.1,65.3,1022.4
20181110205035,20.0,65.5,1022.5
20181110205038,20.0,66.4,1022.5
                                                                20181110210008,19.6,65.4,1020.0
20181110210012,19.7,65.3,1020.0
