datetime,temperature(â„ƒ),humidity(%),pressure(mbar)
20180525000044,38.4,20.8,1004.7
20180525000147,38.2,20.9,1004.7
20180525000250,38.3,20.8,1004.6
20180525000353,38.3,20.6,1004.6
20180525000456,38.4,20.6,1004.5
20180525000559,38.3,21.1,1004.5
20180525000702,38.3,21.0,1004.5
20180525000806,38.3,20.8,1004.5
20180525000909,38.3,20.9,1004.5
20180525001012,38.3,20.7,1004.4
20180525001115,38.4,20.9,1004.4
20180525001218,38.4,20.9,1004.4
20180525001321,38.1,21.3,1004.3
20180525001424,38.2,21.1,1004.4
20180525001527,38.0,21.3,1004.2
20180525001630,38.3,21.0,1004.3
20180525001733,38.2,21.1,1004.2
20180525001837,38.4,21.0,1004.2
20180525001940,38.4,20.9,1004.3
20180525002043,38.4,20.8,1004.3
20180525002146,38.3,21.2,1004.3
20180525002249,38.4,20.9,1004.3
20180525002352,38.1,21.2,1004.2
20180525002455,38.0,21.7,1004.1
20180525002558,38.1,21.5,1004.2
20180525002701,38.0,21.5,1004.2
20180525002804,38.0,21.9,1004.3
20180525002908,38.1,21.6,1004.2
20180525003011,38.2,21.5,1004.2
20180525003114,38.3,21.4,1004.1
20180525003217,38.3,21.4,1004.2
20180525003320,38.0,21.6,1004.2
20180525003423,38.4,21.5,1004.1
20180525003526,37.9,21.9,1004.1
20180525003630,37.9,22.0,1004.1
20180525003733,38.2,21.5,1004.1
20180525003836,38.2,21.6,1004.1
20180525003939,38.3,21.5,1004.1
20180525004042,38.1,21.6,1004.0
20180525004145,38.3,21.6,1004.0
20180525004248,38.3,21.5,1004.0
20180525004351,38.2,21.6,1004.1
20180525004454,38.2,21.5,1004.0
20180525004558,38.2,21.7,1004.1
20180525004701,38.2,21.5,1004.0
20180525004804,38.1,21.9,1004.1
20180525004907,38.2,21.8,1003.9
20180525005010,38.2,21.8,1003.9
20180525005113,38.2,21.7,1003.9
20180525005216,38.0,22.0,1003.9
20180525005319,38.2,21.9,1004.0
20180525005423,38.1,22.0,1003.9
20180525005526,38.3,21.8,1003.8
20180525005629,38.2,21.8,1003.7
20180525005732,38.1,22.3,1003.8
20180525005835,38.1,22.0,1003.8
20180525005938,38.1,22.0,1003.8
20180525010041,38.2,22.1,1003.8
20180525010144,38.1,22.1,1003.7
20180525010247,37.7,22.8,1003.9
20180525010351,37.9,22.1,1003.7
20180525010454,38.2,22.0,1003.8
20180525010557,38.2,22.0,1003.7
20180525010700,38.1,22.3,1003.7
20180525010803,38.2,22.0,1003.7
20180525010906,38.2,22.1,1003.6
20180525011009,38.3,22.0,1003.7
20180525011112,38.4,21.6,1003.5
20180525011215,38.2,21.9,1003.6
20180525011318,38.3,22.0,1003.6
20180525011422,38.4,21.6,1003.6
20180525011525,38.4,22.0,1003.6
20180525011628,38.2,22.1,1003.6
20180525011731,38.3,22.0,1003.7
20180525011834,38.3,21.8,1003.5
20180525011937,38.3,22.1,1003.6
20180525012040,38.2,22.4,1003.6
20180525012143,38.2,22.3,1003.6
20180525012246,38.0,22.8,1003.6
20180525012349,38.0,22.6,1003.6
20180525012453,38.0,22.5,1003.6
20180525012556,37.9,22.6,1003.6
20180525012659,38.1,22.5,1003.6
20180525012802,38.2,22.3,1003.6
20180525012905,38.1,22.5,1003.6
20180525013008,38.1,22.5,1003.6
20180525013111,38.2,22.4,1003.6
20180525013214,38.2,22.5,1003.6
20180525013317,38.1,22.7,1003.6
20180525013420,38.2,22.4,1003.7
20180525013524,38.2,22.3,1003.5
20180525013627,38.4,22.4,1003.5
20180525013730,38.1,22.7,1003.6
20180525013833,38.2,22.6,1003.6
20180525013936,38.0,23.0,1003.6
20180525014039,38.1,22.7,1003.6
20180525014142,38.1,22.6,1003.6
20180525014245,38.0,22.8,1003.6
20180525014348,38.3,22.4,1003.5
20180525014451,38.3,22.5,1003.5
20180525014554,38.3,22.6,1003.5
20180525014658,38.3,22.7,1003.5
20180525014801,38.3,22.8,1003.5
20180525014904,37.8,23.4,1003.4
20180525015007,38.2,22.9,1003.4
20180525015110,38.3,22.5,1003.3
20180525015213,38.3,22.4,1003.4
20180525015316,37.7,23.4,1003.3
20180525015419,38.0,22.9,1003.3
20180525015522,38.1,22.9,1003.2
20180525015625,38.2,22.8,1003.2
20180525015729,38.1,23.0,1003.2
20180525015832,38.1,22.7,1003.1
20180525015935,38.3,22.8,1003.2
20180525020038,38.2,22.8,1003.3
20180525020141,38.3,23.1,1003.2
20180525020244,38.3,23.2,1003.3
20180525020347,38.0,23.3,1003.2
20180525020450,38.1,23.3,1003.3
20180525020553,38.2,23.1,1003.3
20180525020656,37.9,23.8,1003.4
20180525020800,38.2,23.3,1003.4
20180525020903,38.1,23.3,1003.4
20180525021006,38.3,23.4,1003.4
20180525021109,38.2,23.1,1003.5
20180525021212,38.2,23.0,1003.3
20180525021315,37.3,24.5,1003.5
20180525021418,37.9,23.6,1003.4
20180525021521,38.1,23.6,1003.4
20180525021624,38.0,23.7,1003.4
20180525021728,38.1,23.2,1003.4
20180525021831,38.2,23.5,1003.5
20180525021934,38.2,23.4,1003.4
20180525022037,38.2,23.5,1003.4
20180525022140,38.4,22.9,1003.4
20180525022243,38.3,23.3,1003.4
20180525022346,38.3,23.1,1003.3
20180525022449,38.2,23.5,1003.3
20180525022552,38.2,23.6,1003.3
20180525022656,38.2,23.3,1003.2
20180525022759,38.2,23.4,1003.2
20180525022902,38.1,23.8,1003.2
20180525023005,38.4,23.2,1003.2
20180525023108,38.5,23.2,1003.2
20180525023211,38.3,23.5,1003.2
20180525023314,38.1,24.1,1003.2
20180525023417,38.1,23.9,1003.2
20180525023520,38.0,23.6,1003.3
20180525023623,38.1,23.8,1003.3
20180525023727,38.1,23.6,1003.2
20180525023830,38.0,23.5,1003.2
20180525023933,38.2,23.4,1003.1
20180525024036,38.2,23.5,1003.1
20180525024139,38.3,23.5,1003.1
20180525024242,38.3,23.4,1003.2
20180525024345,38.3,23.5,1003.2
20180525024448,38.2,23.8,1003.2
20180525024551,38.2,23.7,1003.3
20180525024654,38.2,23.5,1003.2
20180525024758,38.2,23.7,1003.3
20180525024901,38.2,23.9,1003.4
20180525025004,38.2,23.7,1003.4
20180525025107,38.4,23.5,1003.4
20180525025210,38.5,23.5,1003.5
20180525025313,38.4,23.6,1003.5
20180525025416,38.2,23.9,1003.6
20180525025519,38.3,23.7,1003.7
20180525025622,38.4,23.6,1003.7
20180525025726,38.3,23.9,1003.7
20180525025829,38.2,23.8,1003.7
20180525025932,38.2,23.9,1003.5
20180525030035,38.2,23.7,1003.5
20180525030138,38.2,23.8,1003.6
20180525030241,38.1,24.4,1003.9
20180525030344,38.1,24.5,1003.9
20180525030447,38.0,24.6,1003.9
20180525030550,36.2,27.5,1004.0
20180525030653,37.5,25.3,1003.8
20180525030757,37.7,25.1,1003.8
20180525030900,37.7,25.2,1003.8
20180525031003,37.9,25.3,1003.9
20180525031106,37.7,25.0,1003.9
20180525031209,37.9,25.1,1003.8
20180525031312,37.9,25.2,1003.8
20180525031415,37.8,25.6,1003.8
20180525031518,37.9,25.4,1003.8
20180525031621,37.9,25.4,1003.8
20180525031724,37.9,25.4,1003.8
20180525031827,37.9,25.2,1003.7
20180525031931,38.0,24.9,1003.6
20180525032034,38.0,25.2,1003.6
20180525032137,38.0,25.1,1003.5
20180525032240,38.0,25.3,1003.4
20180525032343,38.1,25.1,1003.4
20180525032446,38.0,25.2,1003.3
20180525032549,38.1,25.2,1003.3
20180525032652,38.1,24.7,1003.2
20180525032755,38.1,24.9,1003.1
20180525032859,38.1,25.4,1003.1
20180525033002,38.0,25.5,1003.0
20180525033105,38.0,25.3,1003.0
20180525033208,38.0,25.5,1003.0
20180525033311,38.1,25.3,1003.1
20180525033414,38.0,25.8,1003.2
20180525033517,38.2,25.5,1003.1
20180525033620,38.2,25.4,1003.2
20180525033723,38.2,25.8,1003.1
20180525033826,38.0,26.0,1003.1
20180525033930,38.0,26.1,1003.1
20180525034033,38.0,26.2,1003.2
20180525034136,38.2,25.5,1003.2
20180525034239,38.2,25.5,1003.1
20180525034342,38.1,25.9,1003.1
20180525034445,38.2,25.9,1003.1
20180525034548,37.9,26.1,1003.1
20180525034651,37.9,26.3,1003.1
20180525034754,37.8,26.2,1003.1
20180525034857,37.8,26.2,1003.1
20180525035001,38.0,26.0,1003.0
20180525035104,37.8,26.4,1003.0
20180525035207,37.9,26.4,1003.0
20180525035310,37.8,26.4,1003.0
20180525035413,37.8,26.3,1003.0
20180525035516,37.8,26.3,1002.9
20180525035619,37.8,26.4,1002.9
20180525035722,37.8,26.5,1002.9
20180525035825,37.8,26.4,1003.0
20180525035928,37.7,26.7,1003.1
20180525040032,37.8,26.6,1003.1
20180525040135,37.4,26.8,1003.1
20180525040238,37.7,26.6,1003.1
20180525040341,37.7,26.6,1003.1
20180525040444,37.8,26.5,1003.1
20180525040547,37.7,26.7,1003.2
20180525040650,37.7,26.4,1003.2
20180525040753,37.7,26.2,1003.2
20180525040856,37.8,26.5,1003.1
20180525041000,37.7,26.3,1003.2
20180525041103,38.0,26.2,1003.2
20180525041206,37.8,26.6,1003.2
20180525041309,37.7,26.5,1003.3
20180525041412,37.8,26.5,1003.3
20180525041515,37.8,26.5,1003.4
20180525041618,37.8,26.6,1003.4
20180525041721,37.6,26.8,1003.4
20180525041824,37.8,26.6,1003.3
20180525041928,37.9,26.4,1003.4
20180525042031,37.7,26.7,1003.4
20180525042134,37.7,26.8,1003.3
20180525042237,37.9,26.2,1003.3
20180525042340,37.8,26.7,1003.3
20180525042443,37.6,26.9,1003.3
20180525042546,37.7,26.8,1003.3
20180525042649,37.6,26.9,1003.3
20180525042752,37.7,26.7,1003.3
20180525042855,37.7,26.7,1003.2
20180525042958,37.8,26.8,1003.4
20180525043102,37.9,26.4,1003.3
20180525043205,37.9,26.5,1003.3
20180525043308,37.9,26.3,1003.3
20180525043411,38.0,26.4,1003.3
20180525043514,37.9,26.6,1003.4
20180525043617,37.9,26.5,1003.3
20180525043720,37.8,26.7,1003.3
20180525043823,37.9,26.7,1003.3
20180525043926,37.7,27.2,1003.4
20180525044030,37.7,26.9,1003.4
20180525044133,37.7,27.2,1003.4
20180525044236,37.5,27.3,1003.4
20180525044339,37.7,26.7,1003.3
20180525044442,37.6,27.1,1003.4
20180525044545,37.7,26.9,1003.3
20180525044648,37.8,26.7,1003.3
20180525044751,37.3,27.7,1003.3
20180525044854,37.6,27.3,1003.3
20180525044957,37.7,26.9,1003.3
20180525045101,37.6,26.9,1003.3
20180525045204,37.8,26.9,1003.3
20180525045307,37.6,26.9,1003.3
20180525045410,37.5,27.3,1003.3
20180525045513,37.5,27.4,1003.3
20180525045616,37.5,27.3,1003.3
20180525045719,37.6,27.1,1003.2
20180525045822,37.5,27.4,1003.2
20180525045925,37.8,26.8,1003.2
20180525050028,37.8,27.0,1003.3
20180525050132,37.7,27.1,1003.3
20180525050235,37.7,27.1,1003.3
20180525050338,37.7,27.1,1003.2
20180525050441,37.7,26.9,1003.2
20180525050544,37.8,26.9,1003.2
20180525050647,37.7,27.1,1003.2
20180525050750,37.7,27.2,1003.3
20180525050853,37.7,27.2,1003.1
20180525050956,37.4,27.6,1003.1
20180525051059,37.5,27.4,1003.2
20180525051203,37.6,27.3,1003.1
20180525051306,37.5,27.6,1003.1
20180525051409,37.4,27.7,1003.0
20180525051512,37.7,27.4,1003.0
20180525051615,37.6,27.5,1003.0
20180525051718,37.6,27.4,1003.0
20180525051821,37.5,27.6,1002.9
20180525051924,37.8,27.3,1002.9
20180525052027,37.3,28.5,1002.9
20180525052130,37.5,27.7,1002.9
20180525052234,37.5,27.9,1002.9
20180525052337,37.6,27.3,1003.0
20180525052440,37.6,27.7,1002.9
20180525052543,37.7,27.5,1003.0
20180525052646,37.5,27.9,1002.9
20180525052749,37.5,27.7,1002.9
20180525052852,37.4,28.0,1002.9
20180525052955,37.5,28.0,1003.0
20180525053058,37.4,28.0,1003.0
20180525053201,37.4,28.2,1003.0
20180525053305,37.5,28.2,1003.1
20180525053408,37.4,28.1,1003.0
20180525053511,37.6,28.1,1003.0
20180525053614,37.4,28.1,1003.0
20180525053717,37.3,28.3,1002.9
20180525053820,37.4,28.3,1002.9
20180525053923,37.4,28.5,1003.0
20180525054026,37.3,28.7,1003.0
20180525054129,37.4,28.5,1003.0
20180525054232,37.4,28.3,1003.0
20180525054336,37.6,28.3,1003.0
20180525054439,37.5,28.4,1002.9
20180525054542,37.4,28.6,1003.0
20180525054645,37.4,28.6,1003.0
20180525054748,37.4,28.4,1002.9
20180525054851,37.7,28.2,1002.9
20180525054954,37.4,28.6,1002.9
20180525055057,37.4,28.6,1002.9
20180525055200,37.6,28.2,1002.9
20180525055303,37.5,28.5,1002.9
20180525055406,37.5,28.6,1003.0
20180525055510,37.3,28.8,1002.8
20180525055613,37.5,28.1,1002.8
20180525055716,37.5,28.3,1002.8
20180525055819,37.6,28.4,1002.8
20180525055922,37.6,28.2,1002.8
20180525060025,37.7,28.0,1002.8
20180525060128,37.7,28.0,1002.8
20180525060231,37.5,28.4,1002.7
20180525060334,37.7,28.2,1002.7
20180525060437,37.6,28.5,1002.8
20180525060541,37.7,28.0,1002.7
20180525060644,37.5,28.5,1002.7
20180525060747,37.7,27.9,1002.6
20180525060850,37.7,28.3,1002.8
20180525060953,37.6,28.3,1002.7
20180525061056,37.6,28.4,1002.7
20180525061159,37.8,28.2,1002.7
20180525061302,37.8,28.2,1002.7
20180525061405,37.7,28.2,1002.7
20180525061508,37.9,28.1,1002.6
20180525061611,37.8,28.3,1002.7
20180525061715,37.4,28.7,1002.7
20180525061818,37.7,28.3,1002.7
20180525061921,37.8,28.1,1002.7
20180525062024,37.9,28.1,1002.7
20180525062127,37.8,28.0,1002.6
20180525062230,37.7,28.2,1002.6
20180525062333,37.6,28.1,1002.6
20180525062436,37.9,28.0,1002.7
20180525062539,37.8,28.2,1002.7
20180525062642,37.8,28.1,1002.8
20180525062746,37.9,27.9,1002.9
20180525062849,38.0,28.0,1003.0
20180525062952,37.6,28.6,1003.0
20180525063055,37.8,28.1,1003.1
20180525063158,37.1,29.8,1003.4
20180525063301,37.6,28.4,1003.2
20180525063404,37.8,28.5,1003.2
20180525063507,37.9,28.2,1003.2
20180525063611,37.8,28.3,1003.2
20180525063714,37.8,28.4,1003.2
20180525063817,37.7,28.8,1003.2
20180525063920,37.7,28.7,1003.1
20180525064023,37.8,28.6,1003.1
20180525064126,37.7,28.8,1003.2
20180525064229,37.6,28.9,1003.0
20180525064332,37.6,28.9,1003.0
20180525064435,37.6,28.7,1003.0
20180525064538,37.6,28.8,1003.0
20180525064642,37.6,28.9,1002.9
20180525064745,37.6,28.8,1002.8
20180525064848,37.6,28.9,1002.8
20180525064951,37.7,28.5,1002.7
20180525065054,37.6,28.9,1002.7
20180525065157,37.5,28.6,1002.7
20180525065300,37.7,28.7,1002.7
20180525065403,37.6,28.8,1002.8
20180525065506,37.7,28.8,1002.7
20180525065609,37.8,28.8,1002.7
20180525065712,37.7,29.0,1002.7
20180525065816,37.7,28.9,1002.7
20180525065919,37.8,28.8,1002.7
20180525070022,37.8,28.6,1002.7
20180525070125,37.9,28.9,1002.8
20180525070228,37.6,29.2,1002.9
20180525070331,37.6,29.0,1002.9
20180525070434,38.0,28.6,1003.0
20180525070537,38.0,28.6,1003.0
20180525070640,37.9,29.1,1003.0
20180525070743,37.8,29.0,1003.0
20180525070847,37.6,29.3,1003.0
20180525070950,37.7,29.4,1003.0
20180525071053,37.8,29.0,1003.0
20180525071156,37.9,29.1,1003.0
20180525071259,37.6,29.4,1003.0
20180525071402,37.7,29.1,1003.1
20180525071505,37.7,29.0,1003.1
20180525071608,37.6,29.2,1003.1
20180525071711,37.8,29.0,1003.1
20180525071815,37.8,28.7,1003.0
20180525071918,37.8,28.9,1003.0
20180525072021,37.6,29.5,1003.1
20180525072124,37.6,29.3,1003.1
20180525072227,37.7,29.2,1003.2
20180525072330,37.7,29.4,1003.2
20180525072433,37.7,29.1,1003.2
20180525072536,37.3,29.9,1003.3
20180525072640,37.6,29.5,1003.3
20180525072743,37.5,29.7,1003.4
20180525072846,37.5,29.9,1003.4
20180525072949,37.4,30.0,1003.5
20180525073052,37.2,30.6,1003.5
20180525073155,37.0,31.5,1003.7
20180525073258,36.5,32.6,1003.7
20180525073401,36.8,32.1,1003.7
20180525073504,37.3,31.3,1003.7
20180525073607,37.4,31.3,1003.9
20180525073710,37.0,32.2,1003.9
20180525073814,37.8,30.5,1003.9
20180525073917,36.6,32.9,1004.0
20180525074020,37.2,31.8,1004.0
20180525074123,36.9,32.6,1004.0
20180525074226,36.7,33.3,1004.0
20180525074329,36.7,33.2,1003.9
20180525074432,36.5,34.2,1004.1
20180525074535,36.2,34.6,1004.1
20180525074638,35.9,35.1,1004.0
20180525074741,35.3,36.3,1004.0
20180525074845,35.9,35.2,1003.9
20180525074948,36.0,35.1,1003.9
20180525075051,36.3,34.6,1003.9
20180525075154,36.6,34.5,1004.0
20180525075257,35.4,36.6,1004.0
20180525075400,36.0,35.5,1003.9
20180525075503,36.1,35.4,1004.1
20180525075606,35.6,36.1,1003.8
20180525075709,35.8,35.6,1003.8
20180525075813,35.7,36.1,1003.9
20180525075916,35.3,37.2,1003.9
20180525080019,35.5,37.0,1003.9
20180525080122,35.4,37.5,1003.9
20180525080540,29.9,53.3,1004.4
20180525080643,30.0,52.6,1004.3
20180525080746,28.0,58.4,1004.1
20180525080849,26.2,64.9,1003.9
20180525080952,24.6,70.7,1003.9
20180525081055,24.5,72.2,1003.8
20180525081159,24.2,73.0,1004.0
20180525081302,24.2,74.5,1003.9
20180525081405,23.2,78.0,1003.9
20180525081512,22.7,80.2,1003.9
20180525081615,23.3,77.8,1003.9
20180525081718,22.5,80.1,1003.9
20180525081821,22.7,79.9,1003.8
20180525081924,23.4,76.9,1003.8
20180525082027,23.4,76.8,1003.7
20180525082131,24.1,75.9,1003.6
20180525082333,24.3,75.1,1003.8
20180525082436,24.5,73.3,1003.7
20180525082539,24.0,74.6,1003.6
20180525082642,24.2,74.0,1003.3
20180525082745,24.5,72.8,1003.3
20180525082849,24.5,72.8,1003.1
20180525082952,24.8,71.9,1003.1
20180525083055,25.2,70.5,1002.9
20180525083158,25.0,70.9,1002.9
20180525083301,25.3,70.2,1003.0
20180525083404,25.6,70.0,1002.9
20180525083507,25.3,70.6,1003.0
20180525083610,25.7,69.1,1003.1
20180525083713,25.9,67.8,1003.1
20180525083816,26.2,67.5,1003.2
20180525083920,26.7,65.5,1003.2
20180525084023,26.6,65.7,1003.2
20180525084126,26.8,64.8,1003.3
20180525084229,26.2,66.0,1003.4
20180525084332,26.4,65.4,1003.4
20180525084435,26.0,67.3,1003.3
20180525084538,25.2,69.8,1003.5
20180525084641,24.8,70.9,1003.4
20180525084744,24.9,71.0,1003.3
20180525084848,25.0,70.3,1003.2
20180525084951,25.7,68.9,1003.1
20180525085054,25.4,69.5,1003.0
20180525085157,25.5,69.1,1003.0
20180525085300,26.1,67.2,1002.9
20180525085403,26.0,67.8,1002.9
20180525085506,26.4,66.6,1002.7
20180525085609,26.6,65.8,1002.8
20180525085712,26.7,65.7,1002.7
20180525085815,27.1,65.5,1002.8
20180525085919,27.7,63.0,1002.6
20180525090022,27.1,65.3,1002.6
20180525090125,27.5,63.5,1002.6
20180525090228,28.0,62.1,1002.7
20180525090331,27.4,63.7,1002.7
20180525090434,28.3,61.8,1002.7
20180525090537,28.2,62.1,1002.7
20180525090640,27.9,62.3,1002.6
20180525090744,27.7,63.1,1002.7
20180525090847,27.3,63.6,1002.7
20180525090950,27.2,63.5,1002.7
20180525091053,27.4,64.0,1002.5
20180525091156,27.3,63.7,1002.6
20180525091259,27.2,64.2,1002.6
20180525091402,27.5,63.3,1002.4
20180525091505,27.8,62.7,1002.5
20180525091608,27.8,62.6,1002.4
20180525091711,28.2,61.8,1002.5
20180525091815,29.0,60.2,1002.4
20180525091918,28.1,62.7,1002.5
20180525092021,28.7,60.6,1002.4
20180525092124,29.1,59.5,1002.4
20180525092227,28.7,61.1,1002.3
20180525092330,28.9,61.0,1002.3
20180525092433,28.8,61.1,1002.4
20180525092536,29.1,60.3,1002.3
20180525092640,28.8,60.7,1002.3
20180525092743,28.9,60.3,1002.3
20180525092846,28.8,60.6,1002.2
20180525092949,28.8,61.1,1002.1
20180525093052,29.3,59.8,1002.2
20180525093155,29.4,59.8,1002.2
20180525093258,29.3,59.8,1002.1
20180525093401,28.8,61.4,1002.2
20180525093504,29.6,59.8,1002.2
20180525093607,29.9,58.6,1002.1
20180525093711,29.4,59.9,1002.2
20180525093814,29.6,59.4,1002.1
20180525093917,29.9,58.6,1002.1
20180525094020,30.4,57.5,1002.1
20180525094123,30.8,56.3,1002.3
20180525094226,30.1,58.2,1002.3
20180525094329,30.5,57.2,1002.0
20180525094432,30.1,58.6,1002.2
20180525094535,28.1,64.8,1002.2
20180525094639,29.1,61.4,1002.0
20180525094742,29.1,61.3,1002.1
20180525094845,29.7,59.2,1002.1
20180525094948,29.4,60.4,1002.2
20180525095051,29.7,59.7,1002.1
20180525095154,29.7,59.6,1002.1
20180525095257,30.0,58.5,1002.1
20180525095400,29.5,60.2,1002.1
20180525095503,29.1,61.0,1002.0
20180525095607,29.5,59.9,1002.1
20180525095710,29.6,60.4,1002.1
20180525095813,29.3,60.8,1001.9
20180525095916,28.8,62.5,1001.9
20180525100019,28.7,62.8,1001.8
20180525100122,29.3,61.2,1001.8
20180525100225,29.5,60.6,1001.8
20180525100328,29.4,61.3,1001.9
20180525100431,28.4,64.3,1001.8
20180525100534,27.8,65.8,1001.6
20180525100638,28.4,64.6,1001.8
20180525100741,27.9,66.3,1001.9
20180525100844,28.5,64.1,1001.6
20180525100947,28.2,65.8,1001.7
20180525101050,28.7,64.0,1001.7
20180525101153,28.4,64.9,1001.7
20180525101256,28.7,63.7,1001.7
20180525101359,28.5,65.0,1001.7
20180525101503,27.6,67.3,1001.8
20180525101606,28.4,64.8,1001.6
20180525101709,29.6,61.8,1001.6
20180525101812,30.0,60.6,1001.7
20180525101915,30.8,58.2,1001.7
20180525102018,31.0,58.2,1001.7
20180525102121,31.4,56.9,1001.7
20180525102224,31.5,56.7,1001.6
20180525102327,31.5,56.3,1001.6
20180525102430,31.3,56.7,1001.5
20180525102534,29.9,60.9,1001.5
20180525102637,29.5,62.0,1001.4
20180525102740,29.4,62.4,1001.3
20180525102843,28.5,65.8,1001.3
20180525102946,28.9,64.1,1001.4
20180525103049,28.8,64.4,1001.4
20180525103152,28.7,64.8,1001.5
20180525103255,28.9,64.4,1001.5
20180525103358,29.6,61.9,1001.6
20180525103501,29.3,62.5,1001.6
20180525103605,29.7,61.2,1001.7
20180525103708,30.9,58.3,1001.7
20180525103811,30.5,59.6,1001.9
20180525103914,31.3,57.1,1001.7
20180525104017,31.1,57.3,1001.7
20180525104120,31.0,57.9,1001.7
20180525104223,31.5,56.1,1001.6
20180525104326,30.9,57.9,1001.8
20180525104429,31.0,57.7,1001.5
20180525104532,30.7,59.0,1001.6
20180525104636,30.8,58.8,1001.6
20180525104739,30.6,59.4,1001.5
20180525104842,31.4,56.6,1001.5
20180525104945,32.0,55.3,1001.6
20180525105048,31.9,55.5,1001.6
20180525105151,32.4,53.7,1001.5
20180525105254,32.3,54.2,1001.7
20180525105357,32.7,53.2,1001.5
20180525105500,32.4,53.9,1001.6
20180525105604,32.1,54.9,1001.6
20180525105707,31.8,55.7,1001.4
20180525105810,32.2,54.6,1001.6
20180525105913,32.5,53.5,1001.3
20180525110016,31.8,55.1,1001.4
20180525110119,32.0,55.3,1001.3
20180525110222,31.9,55.5,1001.5
20180525110325,32.2,54.3,1001.5
20180525110428,30.8,58.0,1001.5
20180525110531,31.7,55.2,1001.4
20180525110635,31.5,56.2,1001.5
20180525110738,31.6,56.0,1001.6
20180525110841,32.1,55.1,1001.5
20180525110944,32.3,54.0,1001.5
20180525111047,31.8,55.5,1001.4
20180525111150,32.1,54.8,1001.5
20180525111253,31.7,55.7,1001.4
20180525111356,32.3,54.8,1001.5
20180525111459,31.9,55.4,1001.3
20180525111602,32.0,54.8,1001.2
20180525111706,31.6,55.9,1001.4
20180525111809,31.8,55.4,1001.5
20180525111912,32.2,54.0,1001.3
20180525112015,32.2,53.9,1001.6
20180525112118,32.1,54.3,1001.5
20180525112221,31.9,54.7,1001.4
20180525112324,31.5,56.2,1001.4
20180525112427,30.7,57.9,1001.3
20180525112530,30.7,58.1,1001.3
20180525112633,30.6,58.4,1001.5
20180525112737,31.1,56.4,1001.4
20180525112840,30.8,56.9,1001.3
20180525112943,31.3,55.8,1001.4
20180525113046,31.3,55.5,1001.5
20180525113149,30.4,58.4,1001.4
20180525113252,30.0,59.2,1001.4
20180525113355,30.5,57.4,1001.4
20180525113458,29.4,61.1,1001.2
20180525113601,29.3,61.5,1001.3
20180525113705,28.8,62.8,1001.1
20180525113808,29.2,61.6,1001.1
20180525113911,29.4,60.5,1001.2
20180525114014,30.2,58.2,1001.3
20180525114117,30.6,57.6,1001.5
20180525114220,30.2,58.9,1001.3
20180525114323,29.7,60.0,1001.4
20180525114426,30.0,59.2,1001.4
20180525114529,29.9,60.0,1001.5
20180525114633,29.8,59.8,1001.4
20180525114736,30.2,58.9,1001.6
20180525114839,29.3,61.6,1001.7
20180525114942,30.6,57.9,1001.8
20180525115045,30.8,57.2,1001.7
20180525115148,31.0,56.9,1001.9
20180525115251,31.3,56.1,1001.8
20180525115354,30.7,57.8,1001.7
20180525115457,30.4,58.4,1001.5
20180525115601,29.8,60.6,1001.5
20180525115704,29.3,63.3,1001.4
20180525115807,29.2,64.2,1001.5
20180525115910,30.2,61.7,1001.5
20180525120013,30.1,61.7,1001.2
20180525120116,30.6,60.3,1001.3
20180525120219,30.4,60.9,1001.4
20180525120322,30.2,61.2,1001.4
20180525120425,31.0,58.9,1001.5
20180525120528,31.0,58.9,1001.4
20180525120632,30.5,60.2,1001.4
20180525120735,30.2,62.0,1001.4
20180525120838,30.3,62.2,1001.5
20180525120941,30.5,61.4,1001.7
20180525121044,30.8,59.8,1001.5
20180525121147,30.8,60.0,1001.8
20180525121250,30.8,59.6,1001.5
20180525121353,31.3,58.6,1001.5
20180525121456,31.1,58.6,1001.6
20180525121559,30.3,60.9,1001.4
20180525121703,29.3,64.7,1001.4
20180525121806,29.1,65.0,1001.2
20180525121909,29.3,63.7,1001.2
20180525122012,28.4,66.4,1001.3
20180525122115,28.0,68.2,1001.2
20180525122218,29.2,64.1,1001.3
20180525122321,29.6,62.9,1001.4
20180525122424,29.2,63.7,1001.5
20180525122527,29.4,63.6,1001.5
20180525122630,29.6,63.0,1001.4
20180525122734,30.3,60.9,1001.5
20180525122837,30.3,60.7,1001.5
20180525122940,30.8,59.2,1001.5
20180525123043,31.0,58.9,1001.4
20180525123146,31.3,57.1,1001.4
20180525123249,27.9,67.4,1001.4
20180525123352,29.3,63.0,1001.5
20180525123455,30.0,61.2,1001.5
20180525123558,29.3,63.2,1001.3
20180525123701,30.5,60.0,1001.3
20180525123805,31.2,58.1,1001.3
20180525123908,31.7,56.8,1001.4
20180525124011,32.2,55.6,1001.4
20180525124114,32.0,55.9,1001.3
20180525124217,32.1,55.3,1001.2
20180525124320,31.4,57.3,1001.3
20180525124423,31.0,58.2,1001.2
20180525124526,32.0,55.7,1001.3
20180525124629,30.7,59.1,1001.3
20180525124733,31.6,56.5,1001.4
20180525124836,31.7,56.4,1001.4
20180525124939,31.5,57.5,1001.4
20180525125042,31.6,56.9,1001.4
20180525125145,31.4,57.5,1001.3
20180525125248,31.5,56.8,1001.2
20180525125351,31.1,58.5,1001.2
20180525125454,31.3,57.9,1001.3
20180525125557,31.6,56.6,1001.2
20180525125701,32.0,55.8,1001.4
20180525125804,32.0,55.8,1001.2
20180525125907,31.9,56.0,1001.3
20180525130010,31.8,56.2,1001.3
20180525130113,31.4,56.5,1001.3
20180525130216,30.4,59.9,1001.2
20180525130319,30.4,59.2,1001.2
20180525130422,30.5,58.5,1001.2
20180525130525,30.3,59.1,1001.1
20180525130628,30.2,59.5,1001.1
20180525130732,30.0,60.0,1001.1
20180525130835,30.1,59.9,1001.0
20180525130938,29.4,62.1,1001.2
20180525131041,28.7,63.8,1001.1
20180525131144,28.8,63.3,1001.0
20180525131247,28.9,63.0,1001.0
20180525131350,28.4,64.5,1001.0
20180525131453,29.1,62.6,1001.1
20180525131556,28.6,63.7,1000.9
20180525131700,29.2,61.8,1001.0
20180525131803,28.8,63.0,1000.9
20180525131906,28.5,63.9,1000.9
20180525132009,28.1,65.4,1000.9
20180525132112,28.3,64.8,1001.0
20180525132215,28.8,63.0,1000.9
20180525132318,29.7,60.0,1000.9
20180525132421,29.4,61.2,1000.9
20180525132524,29.8,60.0,1001.0
20180525132627,29.7,60.4,1000.8
20180525132731,29.6,60.8,1000.8
20180525132834,30.5,58.2,1001.0
20180525132937,30.5,58.3,1000.9
20180525133040,30.3,58.9,1001.0
20180525133143,30.3,58.5,1000.9
20180525133246,30.3,58.3,1001.1
20180525133349,30.0,59.2,1000.8
20180525133452,29.1,62.2,1001.0
20180525133555,29.5,60.9,1001.0
20180525133658,29.1,62.0,1000.9
20180525133802,29.1,62.0,1000.9
20180525133905,29.0,62.2,1000.9
20180525134008,28.8,63.0,1000.8
20180525134111,28.2,65.2,1000.8
20180525134214,28.6,63.7,1000.7
20180525134317,29.0,62.7,1000.7
20180525134420,28.6,64.3,1000.7
20180525134523,29.2,62.5,1000.8
20180525134626,29.5,61.4,1000.6
20180525134729,29.3,61.7,1000.6
20180525134833,29.4,61.7,1000.6
20180525134936,30.0,59.9,1000.7
20180525135039,30.1,59.5,1000.6
20180525135142,29.7,60.8,1000.6
20180525135245,30.1,59.2,1000.6
20180525135348,30.4,58.2,1000.7
20180525135451,30.4,58.4,1000.9
20180525135554,30.8,57.4,1000.7
20180525135657,30.0,59.7,1000.7
20180525135801,29.9,60.2,1000.5
20180525135904,30.2,59.3,1000.6
20180525140007,29.4,62.2,1000.5
20180525140110,29.7,61.2,1000.5
20180525140213,29.8,60.7,1000.6
20180525140316,30.2,59.2,1000.5
20180525140419,30.2,59.3,1000.4
20180525140522,30.2,59.7,1000.3
20180525140625,30.4,59.2,1000.4
20180525140728,30.6,58.6,1000.3
20180525140832,30.4,58.9,1000.4
20180525140935,30.3,59.7,1000.3
20180525141038,30.9,58.0,1000.4
20180525141141,31.8,55.3,1000.6
20180525141244,32.0,54.9,1000.6
20180525141347,32.1,54.3,1000.5
20180525141450,32.3,53.7,1000.5
20180525141553,32.6,53.4,1000.6
20180525141656,32.8,52.4,1000.5
20180525141800,32.7,52.5,1000.4
20180525141903,32.5,53.1,1000.3
20180525142006,31.5,55.7,1000.2
20180525142109,31.9,54.6,1000.2
20180525142212,31.7,55.6,1000.2
20180525142315,31.3,56.4,1000.1
20180525142418,30.8,57.5,1000.2
20180525142521,31.3,56.3,1000.0
20180525142624,30.9,57.5,1000.1
20180525142727,30.2,59.3,1000.1
20180525142831,30.6,58.5,1000.1
20180525142934,30.5,58.5,1000.1
20180525143037,31.1,56.7,1000.2
20180525143140,30.0,60.3,1000.1
20180525143243,30.1,59.6,1000.2
20180525143346,29.2,62.3,1000.1
20180525143449,28.9,63.2,1000.0
20180525143552,29.8,60.4,1000.0
20180525143655,30.1,59.3,1000.1
20180525143759,30.4,58.8,1000.2
20180525143902,31.3,56.0,1000.1
20180525144005,30.4,58.5,1000.2
20180525144108,31.1,56.8,1000.2
20180525144211,31.2,56.2,1000.1
20180525144314,31.7,54.5,1000.2
20180525144417,31.5,55.1,1000.2
20180525144520,31.4,55.5,1000.1
20180525144623,31.5,55.3,1000.1
20180525144726,31.9,54.3,1000.1
20180525144830,31.5,55.2,1000.0
20180525144933,31.8,54.3,1000.1
20180525145036,32.5,52.5,1000.0
20180525145139,31.8,54.7,1000.1
20180525145242,32.0,54.0,1000.1
20180525145345,31.6,55.0,1000.0
20180525145448,31.3,55.7,1000.0
20180525145551,30.9,56.4,1000.0
20180525145654,30.7,57.2,1000.0
20180525145757,30.7,57.1,1000.0
20180525145901,30.2,58.6,999.9
20180525150004,30.9,56.6,999.9
20180525150107,31.0,56.5,999.9
20180525150210,30.7,57.0,999.9
20180525150313,30.9,56.7,999.9
20180525150416,31.3,55.5,999.8
20180525150519,30.3,58.3,1000.0
20180525150622,30.4,57.7,999.8
20180525150725,30.5,57.3,999.8
20180525150828,30.9,56.3,999.8
20180525150932,31.1,55.6,999.8
20180525151035,30.6,57.5,1000.0
20180525151138,30.1,58.7,999.8
20180525151241,30.4,57.9,999.7
20180525151344,30.7,57.2,999.8
20180525151447,31.0,56.5,999.8
20180525151550,30.9,56.8,999.7
20180525151654,30.7,57.8,999.8
20180525151757,31.2,55.8,999.7
20180525151900,31.1,56.1,999.6
20180525152003,30.6,57.5,999.9
20180525152106,30.7,57.3,1000.0
20180525152209,31.5,54.9,999.8
20180525152312,31.5,55.0,999.9
20180525152415,31.7,54.6,999.8
20180525152518,31.4,55.3,999.8
20180525152621,31.7,54.4,999.9
20180525152724,32.0,53.6,999.7
20180525152828,32.3,52.6,999.7
20180525152931,32.4,52.7,999.7
20180525153034,32.4,52.7,999.7
20180525153137,32.7,52.2,999.7
20180525153240,32.6,52.2,999.7
20180525153343,33.0,51.3,999.8
20180525153446,32.4,52.6,999.7
20180525153549,32.7,51.9,999.8
20180525153652,32.8,51.5,999.7
20180525153756,31.9,54.0,999.7
20180525153859,32.7,52.3,999.6
20180525154002,32.6,52.5,999.6
20180525154105,33.0,52.1,999.7
20180525154208,33.3,51.9,999.5
20180525154311,34.0,49.8,999.7
20180525154414,34.0,49.8,999.6
20180525154517,34.5,50.2,999.4
20180525154621,34.3,51.7,999.5
20180525154724,34.6,48.1,999.6
20180525154827,34.3,48.5,999.5
20180525154930,33.7,49.5,999.4
20180525155033,32.7,52.8,999.7
20180525155136,33.0,52.0,999.4
20180525155239,33.1,51.5,999.5
20180525155342,32.7,52.4,999.5
20180525155445,32.2,53.7,999.5
20180525155548,32.6,52.1,999.5
20180525155652,32.2,53.1,999.3
20180525155755,32.0,53.7,999.2
20180525155858,31.7,54.3,999.1
20180525160001,31.9,54.0,999.1
20180525160104,32.2,52.9,999.2
20180525160207,31.3,55.2,999.2
20180525160310,31.0,56.0,999.2
20180525160413,31.3,55.2,999.2
20180525160516,31.2,55.8,999.3
20180525160619,30.8,56.8,999.2
20180525160723,31.3,55.4,999.2
20180525160826,31.0,56.2,999.2
20180525160929,30.0,58.5,999.2
20180525161032,30.5,57.3,999.2
20180525161135,30.2,58.0,999.3
20180525161238,30.3,57.7,999.3
20180525161341,30.7,56.6,999.3
20180525161444,30.9,56.2,999.4
20180525161547,30.7,56.7,999.3
20180525161650,30.9,55.9,999.3
20180525161754,31.0,55.8,999.4
20180525161857,31.2,55.2,999.4
20180525162000,31.1,55.4,999.4
20180525162103,30.4,57.0,999.4
20180525162206,31.4,54.4,999.4
20180525162309,31.3,54.9,999.4
20180525162412,31.0,55.6,999.3
20180525162515,31.2,55.2,999.4
20180525162618,31.3,55.0,999.4
20180525162721,31.2,55.1,999.3
20180525162825,31.4,54.9,999.5
20180525162928,31.4,54.6,999.4
20180525163031,31.2,55.3,999.4
20180525163134,30.9,56.5,999.4
20180525163237,30.9,56.4,999.4
20180525163340,30.4,57.8,999.2
20180525163443,30.7,57.0,999.4
20180525163546,31.1,56.0,999.2
20180525163649,31.2,56.0,999.4
20180525163752,31.2,55.8,999.4
20180525163856,31.7,54.3,999.4
20180525163959,31.5,54.9,999.2
20180525164102,31.5,55.0,999.3
20180525164205,31.3,55.5,999.2
20180525164308,32.0,53.8,999.2
20180525164411,32.0,53.6,999.1
20180525164514,31.7,54.4,999.2
20180525164617,31.2,56.2,999.2
20180525164720,31.3,56.1,999.0
20180525164824,31.4,56.1,999.1
20180525164927,31.4,56.1,999.0
20180525165030,30.8,57.8,999.2
20180525165133,28.5,64.6,999.2
20180525165236,29.8,60.5,999.1
20180525165339,29.4,61.8,999.1
20180525165442,29.6,61.1,999.1
20180525165545,29.0,63.0,999.1
20180525165648,29.4,61.4,999.1
20180525165752,28.6,63.7,999.0
20180525165855,28.9,63.0,999.3
20180525165958,29.4,61.4,999.3
20180525170101,29.1,62.6,999.3
20180525170204,28.2,65.5,999.5
20180525170307,28.8,63.5,999.6
20180525170410,28.1,65.9,999.6
20180525170513,27.9,66.5,999.7
20180525170616,27.0,69.8,999.8
20180525170719,25.9,74.0,999.8
20180525170823,25.9,73.9,999.8
20180525170926,25.8,74.6,999.7
20180525171029,26.2,72.9,999.6
20180525171132,26.5,72.2,999.5
20180525195328,28.7,66.6,999.9
20180525195431,28.9,66.0,1000.1
20180525195534,29.2,64.9,1000.1
20180525195637,29.4,64.6,1000.1
20180525195904,29.5,64.7,1000.1
20180525200007,29.5,64.0,1000.1
20180525200111,29.5,63.7,1000.2
20180525200214,29.6,63.4,1000.1
20180525200317,29.5,64.0,1000.0
20180525200420,29.6,63.7,1000.0
20180525200523,29.6,63.7,1000.0
20180525200626,29.5,63.7,1000.0
20180525200729,29.6,63.5,1000.1
20180525200832,29.7,62.9,1000.1
20180525200936,30.0,63.1,1000.2
20180525201039,30.0,62.4,1000.1
20180525201142,29.9,62.9,1000.2
20180525201245,30.0,62.3,1000.1
20180525201348,30.0,62.5,1000.1
20180525201451,29.9,62.6,1000.1
20180525201554,30.0,62.8,999.9
20180525201657,30.0,62.7,999.9
20180525201800,29.9,62.6,999.9
20180525201904,30.0,62.4,1000.0
20180525202007,29.8,62.8,1000.1
20180525202110,29.9,62.7,1000.0
20180525202213,29.8,63.2,1000.1
20180525202316,29.9,62.5,1000.0
20180525202419,29.9,63.1,1000.1
20180525202522,29.9,62.8,1000.1
20180525202625,30.2,61.7,1000.0
20180525202728,30.2,61.6,1000.0
20180525202832,30.1,62.7,1000.2
20180525202935,30.1,62.1,1000.1
20180525203038,30.0,62.2,1000.1
20180525203141,30.3,61.2,1000.1
20180525203244,30.1,61.9,1000.2
20180525203347,29.9,62.4,1000.3
20180525203450,29.8,62.5,1000.3
20180525203553,29.8,62.8,1000.3
20180525203656,30.0,61.8,1000.4
20180525203759,30.0,62.0,1000.7
20180525203903,30.1,61.6,1001.0
20180525204006,29.7,62.9,1001.3
20180525204109,31.0,59.3,1001.5
20180525204212,30.7,60.4,1001.7
20180525204315,30.9,59.5,1001.9
20180525204418,30.7,60.0,1002.0
20180525204521,30.6,60.1,1001.7
20180525204624,30.7,60.0,1001.6
20180525204727,30.6,60.3,1001.6
20180525204830,31.0,59.2,1001.3
20180525204934,30.7,59.9,1001.5
20180525205037,30.4,60.6,1001.3
20180525205140,30.3,60.8,1001.4
20180525205243,30.3,60.8,1001.5
20180525205346,30.4,60.9,1001.7
20180525205449,30.2,61.4,1001.6
20180525205552,30.2,61.3,1001.3
20180525205655,30.2,61.4,1001.1
20180525205758,29.9,62.3,1000.9
20180525205901,29.9,62.6,1000.9
20180525205945,30.1,61.9,1000.9
20180525210048,30.3,61.4,1000.7
20180525210151,30.1,61.9,1000.6
20180525210254,30.3,61.3,1000.6
20180525212604,30.1,62.0,1000.9
20180525212728,30.2,61.7,1000.8
20180525212831,30.3,61.4,1000.8
20180525212934,29.9,62.4,1000.8
20180525213037,30.2,61.6,1000.6
20180525213140,30.6,60.4,1000.6
20180525213244,31.2,58.8,1000.5
20180525213347,31.3,58.1,1000.6
20180525214207,30.0,62.1,1000.5
20180525214310,30.0,61.9,1000.5
20180525214413,30.3,60.8,1000.5
20180525214834,28.8,70.1,1000.6
20180525214937,27.4,74.9,1000.6
20180525215040,27.1,76.2,1000.6
20180525215143,27.1,76.8,1000.6
20180525215246,27.4,75.4,1000.6
20180525215349,27.5,74.4,1000.6
20180525215452,27.8,74.0,1000.6
20180525215556,27.9,74.1,1000.6
20180525215659,27.7,73.8,1000.6
20180525215802,28.1,72.5,1000.6
20180525215905,28.1,72.8,1000.7
20180525220008,28.2,71.3,1000.7
20180525220111,28.7,70.6,1000.7
20180525220214,28.2,70.8,1000.8
20180525220317,28.6,71.4,1000.6
20180525220420,27.9,71.9,1000.8
20180525220523,28.4,71.7,1000.7
20180525220627,27.8,72.8,1000.6
20180525220730,27.4,73.6,1000.7
20180525220833,27.7,73.9,1000.7
20180525220936,27.7,72.7,1000.8
20180525221039,27.8,73.5,1000.6
20180525221142,27.0,75.1,1000.5
20180525221245,27.6,74.2,1000.6
20180525221348,28.2,73.0,1000.6
20180525221451,27.7,74.9,1000.5
20180525221554,28.5,71.6,1000.6
20180525221657,28.3,71.1,1000.6
20180525221801,28.3,71.7,1000.6
20180525221904,28.1,72.4,1000.7
20180525222007,28.1,73.3,1000.5
20180525222110,28.0,72.2,1000.6
20180525222213,27.7,73.9,1000.4
20180525222316,28.8,70.1,1000.5
20180525222419,29.2,69.0,1000.4
20180525222522,29.4,67.7,1000.5
20180525222625,29.5,67.3,1000.4
20180525222728,28.9,71.0,1000.4
20180525222832,28.8,68.3,1000.6
20180525223140,28.9,65.5,1000.4
20180525223243,29.0,65.2,1000.2
20180525223346,30.2,61.5,1000.3
20180525223449,31.3,57.9,1000.2
20180525223552,31.3,57.8,1000.1
20180525223655,31.8,56.5,1000.1
20180525223759,32.0,55.8,1000.2
20180525223902,32.6,54.2,1000.2
20180525224005,33.1,52.9,1000.2
20180525224108,33.2,52.4,1000.2
20180525224211,33.5,51.5,1000.3
20180525224314,33.8,50.8,1000.2
20180525224417,33.8,50.7,1000.2
20180525224520,33.9,50.3,1000.2
20180525224623,34.1,50.0,1000.3
20180525224726,34.2,49.7,1000.2
20180525224830,34.4,49.0,1000.2
20180525224933,34.4,49.0,1000.1
20180525225036,34.4,49.2,1000.1
20180525225139,35.5,46.4,1000.1
20180525225242,34.7,48.4,1000.2
20180525225345,34.4,49.2,1000.2
20180525225448,34.7,48.2,1000.1
20180525225551,34.6,48.5,1000.1
20180525225654,34.6,48.5,1000.2
20180525225757,34.8,48.0,1000.2
20180525225901,34.8,48.0,1000.3
20180525230004,34.8,47.9,1000.3
20180525230107,34.8,47.9,1000.2
20180525230210,35.0,47.4,1000.2
20180525230313,34.9,47.6,1000.2
20180525230416,35.1,47.2,1000.3
20180525230519,35.1,47.1,1000.3
20180525230622,35.0,47.4,1000.3
20180525230725,35.1,47.2,1000.3
20180525230828,35.0,47.4,1000.3
20180525230931,35.1,47.1,1000.3
20180525231035,35.1,47.0,1000.3
20180525231138,35.4,46.4,1000.3
20180525231241,35.2,46.7,1000.3
20180525231344,35.2,47.1,1000.2
20180525231447,35.3,46.8,1000.3
20180525231550,35.1,47.3,1000.1
20180525231653,35.3,46.6,1000.1
20180525231756,35.4,46.6,1000.1
20180525231859,35.4,46.4,1000.1
20180525232002,35.7,45.6,1000.1
20180525232105,35.9,45.3,1000.1
20180525232209,35.9,45.1,1000.1
20180525232312,36.0,44.7,1000.1
20180525232415,36.1,44.6,1000.2
20180525232518,36.2,44.3,1000.2
20180525232621,36.2,44.1,1000.2
20180525232724,36.3,44.0,1000.2
20180525232827,36.4,43.7,1000.2
20180525232930,36.5,43.3,1000.1
20180525233033,36.7,43.0,1000.2
20180525233136,36.5,43.4,1000.2
20180525233240,36.5,43.4,1000.1
20180525233343,36.5,43.3,1000.1
20180525233446,36.6,43.1,1000.1
20180525233549,36.5,43.1,1000.1
20180525233652,36.5,43.2,1000.1
20180525233755,36.6,42.9,1000.1
20180525233858,36.6,43.0,1000.2
20180525234001,36.6,42.8,1000.2
20180525234104,36.5,43.1,1000.2
20180525234207,36.6,42.8,1000.1
20180525234311,36.6,42.9,1000.2
20180525234414,36.6,42.8,1000.1
20180525234517,36.6,42.8,1000.0
20180525234620,36.6,42.8,1000.1
20180525234723,36.7,42.6,1000.0
20180525234826,36.6,42.7,1000.1
20180525234929,36.6,42.9,1000.1
20180525235032,36.6,42.8,1000.1
20180525235135,36.6,42.7,1000.1
20180525235238,36.7,42.5,1000.1
20180525235342,36.7,42.5,1000.1
20180525235445,36.6,42.7,1000.1
20180525235548,36.5,42.9,1000.1
20180525235651,36.5,42.8,1000.2
20180525235754,36.6,42.7,1000.1
20180525235857,36.7,42.3,1000.2
